,NAME,iso3,vaccine,ADM0_NAME.x,ADM1_NAME,who_coverage,GAUL_CODE,merge_status,NAME.who,who_coverage.x,,GAUL_CODE.x,NAME.shpfile,who_coverage.y,,GAUL_CODE.y,,,,,,,,,,,
1,aba,COD,DTP3,Democratic Republic of the Congo,hautuele,80.10582011,442,success,aba,NA,NA,NA,aba,NA,NA,NA,NA,,,,,,,,,,
2,abuzi,COD,DTP3,Democratic Republic of the Congo,nordubangi,128.5971872,391,success,abuzi,NA,NA,NA,abuzi,NA,NA,NA,NA,,,,,,,,,,
3,adi,COD,DTP3,Democratic Republic of the Congo,ituri,102.8973084,445,success,adi,NA,NA,NA,adi,NA,NA,NA,NA,,,,,,,,,,
4,aketi,COD,DTP3,Democratic Republic of the Congo,basuele,85.52289542,388,success,aketi,NA,NA,NA,aketi,NA,NA,NA,NA,,,,,,,,,,
5,alimbongo,COD,DTP3,Democratic Republic of the Congo,nordkivu,100.0367737,64,success,alimbongo,NA,NA,NA,alimbongo,NA,NA,NA,NA,,,,,,,,,,
6,alunguli,COD,DTP3,Democratic Republic of the Congo,maniema,95.79158317,327,success,alunguli,NA,NA,NA,alunguli,NA,NA,NA,NA,,,,,,,,,,
7,ango,COD,DTP3,Democratic Republic of the Congo,basuele,80.18988966,438,success,ango,NA,NA,NA,ango,NA,NA,NA,NA,,,,,,,,,,
8,angumu,COD,DTP3,Democratic Republic of the Congo,ituri,105.0932091,279,success,angumu,NA,NA,NA,angumu,NA,NA,NA,NA,,,,,,,,,,
9,ankoro,COD,DTP3,Democratic Republic of the Congo,tanganyika,88.04372072,476,success,ankoro,NA,NA,NA,ankoro,NA,NA,NA,NA,,,,,,,,,,
10,ariwara,COD,DTP3,Democratic Republic of the Congo,ituri,93.31944264,219,success,ariwara,NA,NA,NA,ariwara,NA,NA,NA,NA,,,,,,,,,,
11,aru,COD,DTP3,Democratic Republic of the Congo,ituri,108.0160619,220,success,aru,NA,NA,NA,aru,NA,NA,NA,NA,,,,,,,,,,
12,aungba,COD,DTP3,Democratic Republic of the Congo,ituri,99.38887102,223,success,aungba,NA,NA,NA,aungba,NA,NA,NA,NA,,,,,,,,,,
13,bafwasende,COD,DTP3,Democratic Republic of the Congo,tshopo,95.85457017,214,success,bafwasende,NA,NA,NA,bafwasende,NA,NA,NA,NA,,,,,,,,,,
14,bagata,COD,DTP3,Democratic Republic of the Congo,kwilu,93.93483709,148,success,bagata,NA,NA,NA,bagata,NA,NA,NA,NA,,,,,,,,,,
15,bagirakasha,COD,DTP3,Democratic Republic of the Congo,sudkivu,86.86038012,234,success,bagirakasha,NA,NA,NA,bagirakasha,NA,NA,NA,NA,,,,,,,,,,
16,bambo,COD,DTP3,Democratic Republic of the Congo,nordkivu,104.7252183,107,success,bambo,NA,NA,NA,bambo,NA,NA,NA,NA,,,,,,,,,,
17,banalia,COD,DTP3,Democratic Republic of the Congo,tshopo,87.68102313,213,success,banalia,NA,NA,NA,banalia,NA,NA,NA,NA,,,,,,,,,,
18,bandalungwa,COD,DTP3,Democratic Republic of the Congo,kinshasa,63.34988868,261,success,bandalungwa,NA,NA,NA,bandalungwa,NA,NA,NA,NA,,,,,,,,,,
19,bandundu,COD,DTP3,Democratic Republic of the Congo,kwilu,78.46882867,149,success,bandundu,NA,NA,NA,bandundu,NA,NA,NA,NA,,,,,,,,,,
20,bangabola,COD,DTP3,Democratic Republic of the Congo,sudubangi,92.58474576,309,success,bangabola,NA,NA,NA,bangabola,NA,NA,NA,NA,,,,,,,,,,
21,bangalubaka,COD,DTP3,Democratic Republic of the Congo,kasai,103.9090909,21,success,bangalubaka,NA,NA,NA,bangalubaka,NA,NA,NA,NA,,,,,,,,,,
22,barumbu,COD,DTP3,Democratic Republic of the Congo,kinshasa,76.65176354,253,success,barumbu,NA,NA,NA,barumbu,NA,NA,NA,NA,,,,,,,,,,
23,basali,COD,DTP3,Democratic Republic of the Congo,tshopo,83.65212194,202,success,basali,NA,NA,NA,basali,NA,NA,NA,NA,,,,,,,,,,
24,basankusu,COD,DTP3,Democratic Republic of the Congo,equateur,81.68518315,5,success,basankusu,NA,NA,NA,basankusu,NA,NA,NA,NA,,,,,,,,,,
25,basoko,COD,DTP3,Democratic Republic of the Congo,tshopo,84.48795181,203,success,basoko,NA,NA,NA,basoko,NA,NA,NA,NA,,,,,,,,,,
26,benadibele,COD,DTP3,Democratic Republic of the Congo,sankuru,102.7784052,457,success,benadibele,NA,NA,NA,benadibele,NA,NA,NA,NA,,,,,,,,,,
27,bengamisa,COD,DTP3,Democratic Republic of the Congo,tshopo,93.8592233,204,success,bengamisa,NA,NA,NA,bengamisa,NA,NA,NA,NA,,,,,,,,,,
28,beni,COD,DTP3,Democratic Republic of the Congo,nordkivu,79.85039102,57,success,beni,NA,NA,NA,beni,NA,NA,NA,NA,,,,,,,,,,
29,bibanga,COD,DTP3,Democratic Republic of the Congo,kasaioriental,101.7572762,89,success,bibanga,NA,NA,NA,bibanga,NA,NA,NA,NA,,,,,,,,,,
30,biena,COD,DTP3,Democratic Republic of the Congo,nordkivu,95.52238806,46,success,biena,NA,NA,NA,biena,NA,NA,NA,NA,,,,,,,,,,
31,bikoro,COD,DTP3,Democratic Republic of the Congo,equateur,94.44343891,422,success,bikoro,NA,NA,NA,bikoro,NA,NA,NA,NA,,,,,,,,,,
32,bili,COD,DTP3,Democratic Republic of the Congo,basuele,59.94908782,431,success,bili,NA,NA,NA,bili,NA,NA,NA,NA,,,,,,,,,,
33,bili,COD,DTP3,Democratic Republic of the Congo,basuele,59.94908782,437,success,bili,NA,NA,NA,bili,NA,NA,NA,NA,,,,,,,,,,
34,binga,COD,DTP3,Democratic Republic of the Congo,mongala,82.60372257,312,success,binga,NA,NA,NA,binga,NA,NA,NA,NA,,,,,,,,,,
35,binza,COD,DTP3,Democratic Republic of the Congo,nordkivu,102.6506024,53,success,binza,NA,NA,NA,binza,NA,NA,NA,NA,,,,,,,,,,
36,binzaozone,COD,DTP3,Democratic Republic of the Congo,kinshasa,78.55481594,271,success,binzaozone,NA,NA,NA,binzaozone,NA,NA,NA,NA,,,,,,,,,,
37,birambizo,COD,DTP3,Democratic Republic of the Congo,nordkivu,90.47860646,54,success,birambizo,NA,NA,NA,birambizo,NA,NA,NA,NA,,,,,,,,,,
38,biringi,COD,DTP3,Democratic Republic of the Congo,ituri,93.44627731,222,success,biringi,NA,NA,NA,biringi,NA,NA,NA,NA,,,,,,,,,,
39,biyela,COD,DTP3,Democratic Republic of the Congo,kinshasa,84.47167293,247,success,biyela,NA,NA,NA,biyela,NA,NA,NA,NA,,,,,,,,,,
40,bobozo,COD,DTP3,Democratic Republic of the Congo,kasaicentral,86.1281337,330,success,bobozo,NA,NA,NA,bobozo,NA,NA,NA,NA,,,,,,,,,,
41,boende,COD,DTP3,Democratic Republic of the Congo,tshuapa,74.38745847,303,success,boende,NA,NA,NA,boende,NA,NA,NA,NA,,,,,,,,,,
42,boga,COD,DTP3,Democratic Republic of the Congo,ituri,97.14052288,186,success,boga,NA,NA,NA,boga,NA,NA,NA,NA,,,,,,,,,,
43,boko,COD,DTP3,Democratic Republic of the Congo,kwango,94.19642857,160,success,boko,NA,NA,NA,boko,NA,NA,NA,NA,,,,,,,,,,
44,bokokivulu,COD,DTP3,Democratic Republic of the Congo,kongocentral,88.42798354,130,success,bokokivulu,NA,NA,NA,bokokivulu,NA,NA,NA,NA,,,,,,,,,,
45,bokonzi,COD,DTP3,Democratic Republic of the Congo,sudubangi,85.54725169,424,success,bokonzi,NA,NA,NA,bokonzi,NA,NA,NA,NA,,,,,,,,,,
46,bokoro,COD,DTP3,Democratic Republic of the Congo,maindombe,56.15983659,140,success,bokoro,NA,NA,NA,bokoro,NA,NA,NA,NA,,,,,,,,,,
47,bokungu,COD,DTP3,Democratic Republic of the Congo,tshuapa,89.99286224,306,success,bokungu,NA,NA,NA,bokungu,NA,NA,NA,NA,,,,,,,,,,
48,bolobo,COD,DTP3,Democratic Republic of the Congo,maindombe,83.28571429,134,success,bolobo,NA,NA,NA,bolobo,NA,NA,NA,NA,,,,,,,,,,
49,bolomba,COD,DTP3,Democratic Republic of the Congo,equateur,62.74707543,302,success,bolomba,NA,NA,NA,bolomba,NA,NA,NA,NA,,,,,,,,,,
50,boma,COD,DTP3,Democratic Republic of the Congo,kongocentral,71.58169935,117,success,boma,NA,NA,NA,boma,NA,NA,NA,NA,,,,,,,,,,
51,bomabungu,COD,DTP3,Democratic Republic of the Congo,kongocentral,77.82293179,118,success,bomabungu,NA,NA,NA,bomabungu,NA,NA,NA,NA,,,,,,,,,,
52,bominenge,COD,DTP3,Democratic Republic of the Congo,sudubangi,92.24982505,320,success,bominenge,NA,NA,NA,bominenge,NA,NA,NA,NA,,,,,,,,,,
53,bomongo,COD,DTP3,Democratic Republic of the Congo,equateur,80.37941788,425,success,bomongo,NA,NA,NA,bomongo,NA,NA,NA,NA,,,,,,,,,,
54,bondo,COD,DTP3,Democratic Republic of the Congo,basuele,85.79211157,436,success,bondo,NA,NA,NA,bondo,NA,NA,NA,NA,,,,,,,,,,
55,bongandanga,COD,DTP3,Democratic Republic of the Congo,mongala,115.0034412,3,success,bongandanga,NA,NA,NA,bongandanga,NA,NA,NA,NA,,,,,,,,,,
56,bonzola,COD,DTP3,Democratic Republic of the Congo,kasaioriental,99.28515929,68,success,bonzola,NA,NA,NA,bonzola,NA,NA,NA,NA,,,,,,,,,,
57,bosobe,COD,DTP3,Democratic Republic of the Congo,maindombe,99.42932397,139,success,bosobe,NA,NA,NA,bosobe,NA,NA,NA,NA,,,,,,,,,,
58,bosobolo,COD,DTP3,Democratic Republic of the Congo,nordubangi,86.42406115,430,success,bosobolo,NA,NA,NA,bosobolo,NA,NA,NA,NA,,,,,,,,,,
59,bosomanzi,COD,DTP3,Democratic Republic of the Congo,mongala,114.2178218,316,success,bosomanzi,NA,NA,NA,bosomanzi,NA,NA,NA,NA,,,,,,,,,,
60,bosondjo,COD,DTP3,Democratic Republic of the Congo,mongala,101.6991504,394,success,bosondjo,NA,NA,NA,bosondjo,NA,NA,NA,NA,,,,,,,,,,
61,boto,COD,DTP3,Democratic Republic of the Congo,sudubangi,98.40667678,293,success,boto,NA,NA,NA,boto,NA,NA,NA,NA,,,,,,,,,,
62,budjala,COD,DTP3,Democratic Republic of the Congo,sudubangi,114.9450996,311,success,budjala,NA,NA,NA,budjala,NA,NA,NA,NA,,,,,,,,,,
63,bukama,COD,DTP3,Democratic Republic of the Congo,hautlomami,101.8960046,470,success,bukama,NA,NA,NA,bukama,NA,NA,NA,NA,,,,,,,,,,
64,bulape,COD,DTP3,Democratic Republic of the Congo,kasai,94.89924433,30,success,bulape,NA,NA,NA,bulape,NA,NA,NA,NA,,,,,,,,,,
65,bulu,COD,DTP3,Democratic Republic of the Congo,sudubangi,99.32252104,323,success,bulu,NA,NA,NA,bulu,NA,NA,NA,NA,,,,,,,,,,
66,bulungu,COD,DTP3,Democratic Republic of the Congo,kwilu,372.9200161,147,success,bulungu,NA,NA,NA,bulungu,NA,NA,NA,NA,,,,,,,,,,
67,bumba,COD,DTP3,Democratic Republic of the Congo,mongala,87.84436611,395,success,bumba,NA,NA,NA,bumba,NA,NA,NA,NA,,,,,,,,,,
68,bumbu,COD,DTP3,Democratic Republic of the Congo,kinshasa,82.47393024,258,success,bumbu,NA,NA,NA,bumbu,NA,NA,NA,NA,,,,,,,,,,
69,bunia,COD,DTP3,Democratic Republic of the Congo,ituri,85.31263858,172,success,bunia,NA,NA,NA,bunia,NA,NA,NA,NA,,,,,,,,,,
70,bunkeya,COD,DTP3,Democratic Republic of the Congo,lualaba,93.55983773,113,success,bunkeya,NA,NA,NA,bunkeya,NA,NA,NA,NA,,,,,,,,,,
71,bunyakiri,COD,DTP3,Democratic Republic of the Congo,sudkivu,86.91063326,364,success,bunyakiri,NA,NA,NA,bunyakiri,NA,NA,NA,NA,,,,,,,,,,
72,businga,COD,DTP3,Democratic Republic of the Congo,nordubangi,96.43171806,317,success,businga,NA,NA,NA,businga,NA,NA,NA,NA,,,,,,,,,,
73,buta,COD,DTP3,Democratic Republic of the Congo,basuele,94.83938132,216,success,buta,NA,NA,NA,buta,NA,NA,NA,NA,,,,,,,,,,
74,butembo,COD,DTP3,Democratic Republic of the Congo,nordkivu,83.61350099,60,success,butembo,NA,NA,NA,butembo,NA,NA,NA,NA,,,,,,,,,,
75,butumba,COD,DTP3,Democratic Republic of the Congo,hautlomami,109.4311867,341,success,butumba,NA,NA,NA,butumba,NA,NA,NA,NA,,,,,,,,,,
76,bwamanda,COD,DTP3,Democratic Republic of the Congo,sudubangi,89.40703042,292,success,bwamanda,NA,NA,NA,bwamanda,NA,NA,NA,NA,,,,,,,,,,
77,dekese,COD,DTP3,Democratic Republic of the Congo,kasai,83.64095283,459,success,dekese,NA,NA,NA,dekese,NA,NA,NA,NA,,,,,,,,,,
78,demba,COD,DTP3,Democratic Republic of the Congo,kasaicentral,89.73065343,27,success,demba,NA,NA,NA,demba,NA,NA,NA,NA,,,,,,,,,,
79,dibaya,COD,DTP3,Democratic Republic of the Congo,kasaicentral,115.1439744,34,success,dibaya,NA,NA,NA,dibaya,NA,NA,NA,NA,,,,,,,,,,
80,dibindi,COD,DTP3,Democratic Republic of the Congo,kasaioriental,99.19019934,70,success,dibindi,NA,NA,NA,dibindi,NA,NA,NA,NA,,,,,,,,,,
81,dilala,COD,DTP3,Democratic Republic of the Congo,lualaba,83.94946186,467,success,dilala,NA,NA,NA,dilala,NA,NA,NA,NA,,,,,,,,,,
82,dilolo,COD,DTP3,Democratic Republic of the Congo,lualaba,98.71675943,488,success,dilolo,NA,NA,NA,dilolo,NA,NA,NA,NA,,,,,,,,,,
83,diulu,COD,DTP3,Democratic Republic of the Congo,kasaioriental,97.26109857,75,success,diulu,NA,NA,NA,diulu,NA,NA,NA,NA,,,,,,,,,,
84,djolu,COD,DTP3,Democratic Republic of the Congo,tshuapa,87.99390166,398,success,djolu,NA,NA,NA,djolu,NA,NA,NA,NA,,,,,,,,,,
85,djombo,COD,DTP3,Democratic Republic of the Congo,equateur,71.51847341,2,success,djombo,NA,NA,NA,djombo,NA,NA,NA,NA,,,,,,,,,,
86,djuma,COD,DTP3,Democratic Republic of the Congo,kwilu,97.29624838,236,success,djuma,NA,NA,NA,djuma,NA,NA,NA,NA,,,,,,,,,,
87,doruma,COD,DTP3,Democratic Republic of the Congo,hautuele,74.44535744,439,success,doruma,NA,NA,NA,doruma,NA,NA,NA,NA,,,,,,,,,,
88,drodro,COD,DTP3,Democratic Republic of the Congo,ituri,96.01165544,175,success,drodro,NA,NA,NA,drodro,NA,NA,NA,NA,,,,,,,,,,
89,dungu,COD,DTP3,Democratic Republic of the Congo,hautuele,88.35657975,440,success,dungu,NA,NA,NA,dungu,NA,NA,NA,NA,,,,,,,,,,
90,faradje,COD,DTP3,Democratic Republic of the Congo,hautuele,89.92420865,441,success,faradje,NA,NA,NA,faradje,NA,NA,NA,NA,,,,,,,,,,
91,fataki,COD,DTP3,Democratic Republic of the Congo,ituri,96.32404589,184,success,fataki,NA,NA,NA,fataki,NA,NA,NA,NA,,,,,,,,,,
92,ferekeni,COD,DTP3,Democratic Republic of the Congo,maniema,135.8178054,402,success,ferekeni,NA,NA,NA,ferekeni,NA,NA,NA,NA,,,,,,,,,,
93,feshi,COD,DTP3,Democratic Republic of the Congo,kwango,97.44623656,152,success,feshi,NA,NA,NA,feshi,NA,NA,NA,NA,,,,,,,,,,
94,fizi,COD,DTP3,Democratic Republic of the Congo,sudkivu,84.97217069,379,success,fizi,NA,NA,NA,fizi,NA,NA,NA,NA,,,,,,,,,,
95,fungurume,COD,DTP3,Democratic Republic of the Congo,lualaba,75.36860364,354,success,fungurume,NA,NA,NA,fungurume,NA,NA,NA,NA,,,,,,,,,,
96,gbadolite,COD,DTP3,Democratic Republic of the Congo,nordubangi,91.80295567,432,success,gbadolite,NA,NA,NA,gbadolite,NA,NA,NA,NA,,,,,,,,,,
97,gemena,COD,DTP3,Democratic Republic of the Congo,sudubangi,89.48225081,321,success,gemena,NA,NA,NA,gemena,NA,NA,NA,NA,,,,,,,,,,
98,gethy,COD,DTP3,Democratic Republic of the Congo,ituri,96.20105202,187,success,gethy,NA,NA,NA,gethy,NA,NA,NA,NA,,,,,,,,,,
99,goma,COD,DTP3,Democratic Republic of the Congo,nordkivu,90.26324485,504,success,goma,NA,NA,NA,goma,NA,NA,NA,NA,,,,,,,,,,
100,gombari,COD,DTP3,Democratic Republic of the Congo,hautuele,90.90699285,224,success,gombari,NA,NA,NA,gombari,NA,NA,NA,NA,,,,,,,,,,
101,gombe,COD,DTP3,Democratic Republic of the Congo,kinshasa,95.87919842,263,success,gombe,NA,NA,NA,gombe,NA,NA,NA,NA,,,,,,,,,,
102,gombematadi,COD,DTP3,Democratic Republic of the Congo,kongocentral,106.518474,417,success,gombematadi,NA,NA,NA,gombematadi,NA,NA,NA,NA,,,,,,,,,,
103,gungu,COD,DTP3,Democratic Republic of the Congo,kwilu,107.9086926,461,success,gungu,NA,NA,NA,gungu,NA,NA,NA,NA,,,,,,,,,,
104,ibanda,COD,DTP3,Democratic Republic of the Congo,sudkivu,71.99323372,232,success,ibanda,NA,NA,NA,ibanda,NA,NA,NA,NA,,,,,,,,,,
105,iboko,COD,DTP3,Democratic Republic of the Congo,equateur,92.2563736,297,success,iboko,NA,NA,NA,iboko,NA,NA,NA,NA,,,,,,,,,,
106,idiofa,COD,DTP3,Democratic Republic of the Congo,kwilu,64.31667148,143,success,idiofa,NA,NA,NA,idiofa,NA,NA,NA,NA,,,,,,,,,,
107,idjwi,COD,DTP3,Democratic Republic of the Congo,sudkivu,95.51201011,196,success,idjwi,NA,NA,NA,idjwi,NA,NA,NA,NA,,,,,,,,,,
108,ikela,COD,DTP3,Democratic Republic of the Congo,tshuapa,83.54881855,450,success,ikela,NA,NA,NA,ikela,NA,NA,NA,NA,,,,,,,,,,
109,ilebo,COD,DTP3,Democratic Republic of the Congo,kasai,91.39909923,37,success,ilebo,NA,NA,NA,ilebo,NA,NA,NA,NA,,,,,,,,,,
110,inga,COD,DTP3,Democratic Republic of the Congo,kongocentral,95.29335912,120,success,inga,NA,NA,NA,inga,NA,NA,NA,NA,,,,,,,,,,
111,ingende,COD,DTP3,Democratic Republic of the Congo,equateur,91.52133581,298,success,ingende,NA,NA,NA,ingende,NA,NA,NA,NA,,,,,,,,,,
112,inongo,COD,DTP3,Democratic Republic of the Congo,maindombe,48.33948339,163,success,inongo,NA,NA,NA,inongo,NA,NA,NA,NA,,,,,,,,,,
113,ipamu,COD,DTP3,Democratic Republic of the Congo,kwilu,134.470124,144,success,ipamu,NA,NA,NA,ipamu,NA,NA,NA,NA,,,,,,,,,,
114,irebu,COD,DTP3,Democratic Republic of the Congo,equateur,95.62289562,421,success,irebu,NA,NA,NA,irebu,NA,NA,NA,NA,,,,,,,,,,
115,isangi,COD,DTP3,Democratic Republic of the Congo,tshopo,84.49399657,209,success,isangi,NA,NA,NA,isangi,NA,NA,NA,NA,,,,,,,,,,
116,isiro,COD,DTP3,Democratic Republic of the Congo,hautuele,78.12074919,212,success,isiro,NA,NA,NA,isiro,NA,NA,NA,NA,,,,,,,,,,
117,itebero,COD,DTP3,Democratic Republic of the Congo,nordkivu,83.17073171,197,success,itebero,NA,NA,NA,itebero,NA,NA,NA,NA,,,,,,,,,,
118,itombwe,COD,DTP3,Democratic Republic of the Congo,sudkivu,88.5128842,370,success,itombwe,NA,NA,NA,itombwe,NA,NA,NA,NA,,,,,,,,,,
119,jiba,COD,DTP3,Democratic Republic of the Congo,ituri,88.32229581,176,success,jiba,NA,NA,NA,jiba,NA,NA,NA,NA,,,,,,,,,,
120,kabalo,COD,DTP3,Democratic Republic of the Congo,tanganyika,89.03905624,466,success,kabalo,NA,NA,NA,kabalo,NA,NA,NA,NA,,,,,,,,,,
121,kabambare,COD,DTP3,Democratic Republic of the Congo,maniema,75.53043823,382,success,kabambare,NA,NA,NA,kabambare,NA,NA,NA,NA,,,,,,,,,,
122,kabare,COD,DTP3,Democratic Republic of the Congo,sudkivu,105.0196185,198,success,kabare,NA,NA,NA,kabare,NA,NA,NA,NA,,,,,,,,,,
123,kabeyakamuanga,COD,DTP3,Democratic Republic of the Congo,kasaioriental,66.80224404,39,success,kabeyakamuanga,NA,NA,NA,kabeyakamuanga,NA,NA,NA,NA,,,,,,,,,,
124,kabinda,COD,DTP3,Democratic Republic of the Congo,lomami,98.83781894,93,success,kabinda,NA,NA,NA,kabinda,NA,NA,NA,NA,,,,,,,,,,
125,kabondo,COD,DTP3,Democratic Republic of the Congo,tshopo,93.55054302,334,success,kabondo,NA,NA,NA,kabondo,NA,NA,NA,NA,,,,,,,,,,
126,kabondodianda,COD,DTP3,Democratic Republic of the Congo,hautlomami,102.8558161,471,success,kabondodianda,NA,NA,NA,kabondodianda,NA,NA,NA,NA,,,,,,,,,,
127,kabongo,COD,DTP3,Democratic Republic of the Congo,hautlomami,88.79074018,472,success,kabongo,NA,NA,NA,kabongo,NA,NA,NA,NA,,,,,,,,,,
128,kafakumba,COD,DTP3,Democratic Republic of the Congo,lualaba,94.27412083,336,success,kafakumba,NA,NA,NA,kafakumba,NA,NA,NA,NA,,,,,,,,,,
129,kafubu,COD,DTP3,Democratic Republic of the Congo,hautkatanga,84.46575342,483,success,kafubu,NA,NA,NA,kafubu,NA,NA,NA,NA,,,,,,,,,,
130,kahemba,COD,DTP3,Democratic Republic of the Congo,kwango,83.7883959,460,success,kahemba,NA,NA,NA,kahemba,NA,NA,NA,NA,,,,,,,,,,
131,kailo,COD,DTP3,Democratic Republic of the Congo,maniema,91.89781022,454,success,kailo,NA,NA,NA,kailo,NA,NA,NA,NA,,,,,,,,,,
132,kajiji,COD,DTP3,Democratic Republic of the Congo,kwango,69.62326262,150,success,kajiji,NA,NA,NA,kajiji,NA,NA,NA,NA,,,,,,,,,,
133,kakenge,COD,DTP3,Democratic Republic of the Congo,kasai,99.00927819,31,success,kakenge,NA,NA,NA,kakenge,NA,NA,NA,NA,,,,,,,,,,
134,kalambayikabanga,COD,DTP3,Democratic Republic of the Congo,lomami,99.48251748,90,success,kalambayikabanga,NA,NA,NA,kalambayikabanga,NA,NA,NA,NA,,,,,,,,,,
135,kalamui,COD,DTP3,Democratic Republic of the Congo,kinshasa,101.6487214,257,success,kalamui,NA,NA,NA,kalamui,NA,NA,NA,NA,,,,,,,,,,
136,kalamuii,COD,DTP3,Democratic Republic of the Congo,kinshasa,101.6153846,256,success,kalamuii,NA,NA,NA,kalamuii,NA,NA,NA,NA,,,,,,,,,,
137,kalemie,COD,DTP3,Democratic Republic of the Congo,tanganyika,96.54331371,338,success,kalemie,NA,NA,NA,kalemie,NA,NA,NA,NA,,,,,,,,,,
138,kalenda,COD,DTP3,Democratic Republic of the Congo,lomami,98.55715871,78,success,kalenda,NA,NA,NA,kalenda,NA,NA,NA,NA,,,,,,,,,,
139,kalima,COD,DTP3,Democratic Republic of the Congo,maniema,90.42448174,384,success,kalima,NA,NA,NA,kalima,NA,NA,NA,NA,,,,,,,,,,
140,kalondaest,COD,DTP3,Democratic Republic of the Congo,lomami,97.61269995,92,success,kalondaest,NA,NA,NA,kalondaest,NA,NA,NA,NA,,,,,,,,,,
141,kalonge,COD,DTP3,Democratic Republic of the Congo,sudkivu,97.83836103,362,success,kalonge,NA,NA,NA,kalonge,NA,NA,NA,NA,,,,,,,,,,
142,kalunguta,COD,DTP3,Democratic Republic of the Congo,nordkivu,91.77641206,56,success,kalunguta,NA,NA,NA,kalunguta,NA,NA,NA,NA,,,,,,,,,,
143,kamana,COD,DTP3,Democratic Republic of the Congo,lomami,101.513637,40,success,kamana,NA,NA,NA,kamana,NA,NA,NA,NA,,,,,,,,,,
144,kamango,COD,DTP3,Democratic Republic of the Congo,nordkivu,106.3672261,51,success,kamango,NA,NA,NA,kamango,NA,NA,NA,NA,,,,,,,,,,
145,kambala,COD,DTP3,Democratic Republic of the Congo,ituri,94.03254973,278,success,kambala,NA,NA,NA,kambala,NA,NA,NA,NA,,,,,,,,,,
146,kambove,COD,DTP3,Democratic Republic of the Congo,hautkatanga,85.6969697,112,success,kambove,NA,NA,NA,kambove,NA,NA,NA,NA,,,,,,,,,,
147,kamiji,COD,DTP3,Democratic Republic of the Congo,lomami,97.84213515,79,success,kamiji,NA,NA,NA,kamiji,NA,NA,NA,NA,,,,,,,,,,
148,kamina,COD,DTP3,Democratic Republic of the Congo,hautlomami,100.5845197,346,success,kamina,NA,NA,NA,kamina,NA,NA,NA,NA,,,,,,,,,,
149,kamituga,COD,DTP3,Democratic Republic of the Congo,sudkivu,97.49343832,368,success,kamituga,NA,NA,NA,kamituga,NA,NA,NA,NA,,,,,,,,,,
150,kampemba,COD,DTP3,Democratic Republic of the Congo,hautkatanga,77.7875073,512,success,kampemba,NA,NA,NA,kampemba,NA,NA,NA,NA,,,,,,,,,,
151,kampene,COD,DTP3,Democratic Republic of the Congo,maniema,82.76110013,376,success,kampene,NA,NA,NA,kampene,NA,NA,NA,NA,,,,,,,,,,
152,kananga,COD,DTP3,Democratic Republic of the Congo,kasaicentral,93.70230851,288,success,kananga,NA,NA,NA,kananga,NA,NA,NA,NA,,,,,,,,,,
153,kandakanda,COD,DTP3,Democratic Republic of the Congo,lomami,100.7930786,85,success,kandakanda,NA,NA,NA,kandakanda,NA,NA,NA,NA,,,,,,,,,,
154,kangu,COD,DTP3,Democratic Republic of the Congo,kongocentral,93.58937338,413,success,kangu,NA,NA,NA,kangu,NA,NA,NA,NA,,,,,,,,,,
155,kaniama,COD,DTP3,Democratic Republic of the Congo,hautlomami,98.99358658,337,success,kaniama,NA,NA,NA,kaniama,NA,NA,NA,NA,,,,,,,,,,
156,kaniola,COD,DTP3,Democratic Republic of the Congo,sudkivu,107.3387348,361,success,kaniola,NA,NA,NA,kaniola,NA,NA,NA,NA,,,,,,,,,,
157,kansele,COD,DTP3,Democratic Republic of the Congo,kasaioriental,106.471427,71,success,kansele,NA,NA,NA,kansele,NA,NA,NA,NA,,,,,,,,,,
158,kanzala,COD,DTP3,Democratic Republic of the Congo,kasai,95.80514208,284,success,kanzala,NA,NA,NA,kanzala,NA,NA,NA,NA,,,,,,,,,,
159,kanzenze,COD,DTP3,Democratic Republic of the Congo,lualaba,60.7081845,485,success,kanzenze,NA,NA,NA,kanzenze,NA,NA,NA,NA,,,,,,,,,,
160,kapanga,COD,DTP3,Democratic Republic of the Congo,lualaba,95.7717493,486,success,kapanga,NA,NA,NA,kapanga,NA,NA,NA,NA,,,,,,,,,,
161,karawa,COD,DTP3,Democratic Republic of the Congo,nordubangi,81.03689362,319,success,karawa,NA,NA,NA,karawa,NA,NA,NA,NA,,,,,,,,,,
162,karisimbi,COD,DTP3,Democratic Republic of the Congo,nordkivu,85.85936213,503,success,karisimbi,NA,NA,NA,karisimbi,NA,NA,NA,NA,,,,,,,,,,
163,kasaji,COD,DTP3,Democratic Republic of the Congo,lualaba,94.84447315,487,success,kasaji,NA,NA,NA,kasaji,NA,NA,NA,NA,,,,,,,,,,
164,kasansa,COD,DTP3,Democratic Republic of the Congo,kasaioriental,103.2017365,83,success,kasansa,NA,NA,NA,kasansa,NA,NA,NA,NA,,,,,,,,,,
165,kasavubu,COD,DTP3,Democratic Republic of the Congo,kinshasa,78.3605941,268,success,kasavubu,NA,NA,NA,kasavubu,NA,NA,NA,NA,,,,,,,,,,
166,kasenga,COD,DTP3,Democratic Republic of the Congo,hautkatanga,107.2508724,446,success,kasenga,NA,NA,NA,kasenga,NA,NA,NA,NA,,,,,,,,,,
167,kasongo,COD,DTP3,Democratic Republic of the Congo,maniema,90.32649593,356,success,kasongo,NA,NA,NA,kasongo,NA,NA,NA,NA,,,,,,,,,,
168,kasongolunda,COD,DTP3,Democratic Republic of the Congo,kwango,96.62691652,407,success,kasongolunda,NA,NA,NA,kasongolunda,NA,NA,NA,NA,,,,,,,,,,
169,katakokombe,COD,DTP3,Democratic Republic of the Congo,sankuru,95.34787979,453,success,katakokombe,NA,NA,NA,katakokombe,NA,NA,NA,NA,,,,,,,,,,
170,katana,COD,DTP3,Democratic Republic of the Congo,sudkivu,90.10819165,501,success,katana,NA,NA,NA,katana,NA,NA,NA,NA,,,,,,,,,,
171,katende,COD,DTP3,Democratic Republic of the Congo,kasaicentral,89.12378303,32,success,katende,NA,NA,NA,katende,NA,NA,NA,NA,,,,,,,,,,
172,katoka,COD,DTP3,Democratic Republic of the Congo,kasaicentral,107.5741412,286,success,katoka,NA,NA,NA,katoka,NA,NA,NA,NA,,,,,,,,,,
173,katuba,COD,DTP3,Democratic Republic of the Congo,hautkatanga,88.9307677,507,success,katuba,NA,NA,NA,katuba,NA,NA,NA,NA,,,,,,,,,,
174,katwa,COD,DTP3,Democratic Republic of the Congo,nordkivu,95.17223035,61,success,katwa,NA,NA,NA,katwa,NA,NA,NA,NA,,,,,,,,,,
175,kayamba,COD,DTP3,Democratic Republic of the Congo,hautlomami,97.91609542,474,success,kayamba,NA,NA,NA,kayamba,NA,NA,NA,NA,,,,,,,,,,
176,kayna,COD,DTP3,Democratic Republic of the Congo,nordkivu,86.41173641,63,success,kayna,NA,NA,NA,kayna,NA,NA,NA,NA,,,,,,,,,,
177,kaziba,COD,DTP3,Democratic Republic of the Congo,sudkivu,92.18464351,193,success,kaziba,NA,NA,NA,kaziba,NA,NA,NA,NA,,,,,,,,,,
178,kenge,COD,DTP3,Democratic Republic of the Congo,kwango,102.4468426,159,success,kenge,NA,NA,NA,kenge,NA,NA,NA,NA,,,,,,,,,,
179,kenya,COD,DTP3,Democratic Republic of the Congo,hautkatanga,115.4570882,508,success,kenya,NA,NA,NA,kenya,NA,NA,NA,NA,,,,,,,,,,
180,kiambi,COD,DTP3,Democratic Republic of the Congo,tanganyika,94.14810979,348,success,kiambi,NA,NA,NA,kiambi,NA,NA,NA,NA,,,,,,,,,,
181,kibirizi,COD,DTP3,Democratic Republic of the Congo,nordkivu,89.49900163,55,success,kibirizi,NA,NA,NA,kibirizi,NA,NA,NA,NA,,,,,,,,,,
182,kibombo,COD,DTP3,Democratic Republic of the Congo,maniema,95.62398703,325,success,kibombo,NA,NA,NA,kibombo,NA,NA,NA,NA,,,,,,,,,,
183,kibua,COD,DTP3,Democratic Republic of the Congo,nordkivu,81.20805369,104,success,kibua,NA,NA,NA,kibua,NA,NA,NA,NA,,,,,,,,,,
184,kibunzi,COD,DTP3,Democratic Republic of the Congo,kongocentral,90.60631939,125,success,kibunzi,NA,NA,NA,kibunzi,NA,NA,NA,NA,,,,,,,,,,
185,kikimi,COD,DTP3,Democratic Republic of the Congo,kinshasa,100.6324335,248,success,kikimi,NA,NA,NA,kikimi,NA,NA,NA,NA,,,,,,,,,,
186,kikongo,COD,DTP3,Democratic Republic of the Congo,kwilu,73.51698003,273,success,kikongo,NA,NA,NA,kikongo,NA,NA,NA,NA,,,,,,,,,,
187,kikula,COD,DTP3,Democratic Republic of the Congo,hautkatanga,83.3886283,350,success,kikula,NA,NA,NA,kikula,NA,NA,NA,NA,,,,,,,,,,
188,kikwitsud,COD,DTP3,Democratic Republic of the Congo,kwilu,72.9962874,497,success,kikwitsud,NA,NA,NA,kikwitsud,NA,NA,NA,NA,,,,,,,,,,
189,kikwitsud,COD,DTP3,Democratic Republic of the Congo,kwilu,72.9962874,498,success,kikwitsud,NA,NA,NA,kikwitsud,NA,NA,NA,NA,,,,,,,,,,
190,kilelabalanda,COD,DTP3,Democratic Republic of the Congo,hautkatanga,75.89430894,484,success,kilelabalanda,NA,NA,NA,kilelabalanda,NA,NA,NA,NA,,,,,,,,,,
191,kilo,COD,DTP3,Democratic Republic of the Congo,ituri,100.7696537,229,success,kilo,NA,NA,NA,kilo,NA,NA,NA,NA,,,,,,,,,,
192,kilwa,COD,DTP3,Democratic Republic of the Congo,hautkatanga,111.5911217,345,success,kilwa,NA,NA,NA,kilwa,NA,NA,NA,NA,,,,,,,,,,
193,kimbanseke,COD,DTP3,Democratic Republic of the Congo,kinshasa,92.59562097,291,success,kimbanseke,NA,NA,NA,kimbanseke,NA,NA,NA,NA,,,,,,,,,,
194,kimbau,COD,DTP3,Democratic Republic of the Congo,kwango,78.56736782,158,success,kimbau,NA,NA,NA,kimbau,NA,NA,NA,NA,,,,,,,,,,
195,kimbilulenge,COD,DTP3,Democratic Republic of the Congo,sudkivu,116.2025316,381,success,kimbilulenge,NA,NA,NA,kimbilulenge,NA,NA,NA,NA,,,,,,,,,,
196,kimpangu,COD,DTP3,Democratic Republic of the Congo,kongocentral,102.0924574,127,success,kimpangu,NA,NA,NA,kimpangu,NA,NA,NA,NA,,,,,,,,,,
197,kimpese,COD,DTP3,Democratic Republic of the Congo,kongocentral,102.9709772,411,success,kimpese,NA,NA,NA,kimpese,NA,NA,NA,NA,,,,,,,,,,
198,kimputu,COD,DTP3,Democratic Republic of the Congo,kwilu,115.4314865,240,success,kimputu,NA,NA,NA,kimputu,NA,NA,NA,NA,,,,,,,,,,
199,kimvula,COD,DTP3,Democratic Republic of the Congo,kongocentral,97.40213523,409,success,kimvula,NA,NA,NA,kimvula,NA,NA,NA,NA,,,,,,,,,,
200,kinda,COD,DTP3,Democratic Republic of the Congo,hautlomami,96.70018856,490,success,kinda,NA,NA,NA,kinda,NA,NA,NA,NA,,,,,,,,,,
201,kindu,COD,DTP3,Democratic Republic of the Congo,maniema,77.41356084,326,success,kindu,NA,NA,NA,kindu,NA,NA,NA,NA,,,,,,,,,,
202,kingabwa,COD,DTP3,Democratic Republic of the Congo,kinshasa,88.27801989,264,success,kingabwa,NA,NA,NA,kingabwa,NA,NA,NA,NA,,,,,,,,,,
203,kingandu,COD,DTP3,Democratic Republic of the Congo,kwilu,174.5675676,146,success,kingandu,NA,NA,NA,kingandu,NA,NA,NA,NA,,,,,,,,,,
204,kingasani,COD,DTP3,Democratic Republic of the Congo,kinshasa,81.68982009,290,success,kingasani,NA,NA,NA,kingasani,NA,NA,NA,NA,,,,,,,,,,
205,kinkonzi,COD,DTP3,Democratic Republic of the Congo,kongocentral,93.58660131,415,success,kinkonzi,NA,NA,NA,kinkonzi,NA,NA,NA,NA,,,,,,,,,,
206,kinshasa,COD,DTP3,Democratic Republic of the Congo,kinshasa,81.64479707,254,success,kinshasa,NA,NA,NA,kinshasa,NA,NA,NA,NA,,,,,,,,,,
207,kintambo,COD,DTP3,Democratic Republic of the Congo,kinshasa,78.6863711,267,success,kintambo,NA,NA,NA,kintambo,NA,NA,NA,NA,,,,,,,,,,
208,kipushi,COD,DTP3,Democratic Republic of the Congo,hautkatanga,77.55203789,481,success,kipushi,NA,NA,NA,kipushi,NA,NA,NA,NA,,,,,,,,,,
209,kiri,COD,DTP3,Democratic Republic of the Congo,maindombe,54.13313826,161,success,kiri,NA,NA,NA,kiri,NA,NA,NA,NA,,,,,,,,,,
210,kisandji,COD,DTP3,Democratic Republic of the Congo,kwango,91.08747045,153,success,kisandji,NA,NA,NA,kisandji,NA,NA,NA,NA,,,,,,,,,,
211,kisanga,COD,DTP3,Democratic Republic of the Congo,hautkatanga,80.93856231,514,success,kisanga,NA,NA,NA,kisanga,NA,NA,NA,NA,,,,,,,,,,
212,kisantu,COD,DTP3,Democratic Republic of the Congo,kongocentral,98.9638107,133,success,kisantu,NA,NA,NA,kisantu,NA,NA,NA,NA,,,,,,,,,,
213,kisenso,COD,DTP3,Democratic Republic of the Congo,kinshasa,77.29360499,251,success,kisenso,NA,NA,NA,kisenso,NA,NA,NA,NA,,,,,,,,,,
214,kitangwa,COD,DTP3,Democratic Republic of the Congo,kasai,97.47319248,462,success,kitangwa,NA,NA,NA,kitangwa,NA,NA,NA,NA,,,,,,,,,,
215,kitenge,COD,DTP3,Democratic Republic of the Congo,hautlomami,102.7786137,475,success,kitenge,NA,NA,NA,kitenge,NA,NA,NA,NA,,,,,,,,,,
216,kitona,COD,DTP3,Democratic Republic of the Congo,kongocentral,100.1779887,116,success,kitona,NA,NA,NA,kitona,NA,NA,NA,NA,,,,,,,,,,
217,kitutu,COD,DTP3,Democratic Republic of the Congo,sudkivu,86.67634779,367,success,kitutu,NA,NA,NA,kitutu,NA,NA,NA,NA,,,,,,,,,,
218,kizu,COD,DTP3,Democratic Republic of the Congo,kongocentral,94.99545041,124,success,kizu,NA,NA,NA,kizu,NA,NA,NA,NA,,,,,,,,,,
219,kokolo,COD,DTP3,Democratic Republic of the Congo,kinshasa,102.4859813,328,success,kokolo,NA,NA,NA,kokolo,NA,NA,NA,NA,,,,,,,,,,
220,kole,COD,DTP3,Democratic Republic of the Congo,sankuru,87.10526316,65,success,kole,NA,NA,NA,kole,NA,NA,NA,NA,,,,,,,,,,
221,komanda,COD,DTP3,Democratic Republic of the Congo,ituri,96.67976691,170,success,komanda,NA,NA,NA,komanda,NA,NA,NA,NA,,,,,,,,,,
222,kongolo,COD,DTP3,Democratic Republic of the Congo,tanganyika,84.34581517,464,success,kongolo,NA,NA,NA,kongolo,NA,NA,NA,NA,,,,,,,,,,
223,koshibanda,COD,DTP3,Democratic Republic of the Congo,kwilu,47.3062518,145,success,koshibanda,NA,NA,NA,koshibanda,NA,NA,NA,NA,,,,,,,,,,
224,kowe,COD,DTP3,Democratic Republic of the Congo,hautkatanga,76.91107644,494,success,kowe,NA,NA,NA,kowe,NA,NA,NA,NA,,,,,,,,,,
225,kuimba,COD,DTP3,Democratic Republic of the Congo,kongocentral,87.18097448,414,success,kuimba,NA,NA,NA,kuimba,NA,NA,NA,NA,,,,,,,,,,
226,kunda,COD,DTP3,Democratic Republic of the Congo,maniema,83.75486381,357,success,kunda,NA,NA,NA,kunda,NA,NA,NA,NA,,,,,,,,,,
227,kungu,COD,DTP3,Democratic Republic of the Congo,sudubangi,98.21631879,294,success,kungu,NA,NA,NA,kungu,NA,NA,NA,NA,,,,,,,,,,
228,kwamouth,COD,DTP3,Democratic Republic of the Congo,maindombe,91.08407481,419,success,kwamouth,NA,NA,NA,kwamouth,NA,NA,NA,NA,,,,,,,,,,
229,kwilungongo,COD,DTP3,Democratic Republic of the Congo,kongocentral,96.84054283,132,success,kwilungongo,NA,NA,NA,kwilungongo,NA,NA,NA,NA,,,,,,,,,,
230,kyondo,COD,DTP3,Democratic Republic of the Congo,nordkivu,97.22599946,44,success,kyondo,NA,NA,NA,kyondo,NA,NA,NA,NA,,,,,,,,,,
231,laybo,COD,DTP3,Democratic Republic of the Congo,ituri,97.30179264,444,success,laybo,NA,NA,NA,laybo,NA,NA,NA,NA,,,,,,,,,,
232,lemba,COD,DTP3,Democratic Republic of the Congo,kinshasa,105.036869,249,success,lemba,NA,NA,NA,lemba,NA,NA,NA,NA,,,,,,,,,,
233,lemera,COD,DTP3,Democratic Republic of the Congo,sudkivu,92.06121473,374,success,lemera,NA,NA,NA,lemera,NA,NA,NA,NA,,,,,,,,,,
234,libenge,COD,DTP3,Democratic Republic of the Congo,sudubangi,92.39710592,429,success,libenge,NA,NA,NA,libenge,NA,NA,NA,NA,,,,,,,,,,
235,likasi,COD,DTP3,Democratic Republic of the Congo,hautkatanga,98.80532707,352,success,likasi,NA,NA,NA,likasi,NA,NA,NA,NA,,,,,,,,,,
236,likati,COD,DTP3,Democratic Republic of the Congo,basuele,90.95763617,387,success,likati,NA,NA,NA,likati,NA,NA,NA,NA,,,,,,,,,,
237,lilangabobangi,COD,DTP3,Democratic Republic of the Congo,equateur,46.66210202,426,success,lilangabobangi,NA,NA,NA,lilangabobangi,NA,NA,NA,NA,,,,,,,,,,
238,linga,COD,DTP3,Democratic Republic of the Congo,ituri,97.69400441,178,success,linga,NA,NA,NA,linga,NA,NA,NA,NA,,,,,,,,,,
239,lingomo,COD,DTP3,Democratic Republic of the Congo,tshuapa,79.09201954,396,success,lingomo,NA,NA,NA,lingomo,NA,NA,NA,NA,,,,,,,,,,
240,lingwala,COD,DTP3,Democratic Republic of the Congo,kinshasa,75.56734453,252,success,lingwala,NA,NA,NA,lingwala,NA,NA,NA,NA,,,,,,,,,,
241,lisala,COD,DTP3,Democratic Republic of the Congo,mongala,75.82427536,314,success,lisala,NA,NA,NA,lisala,NA,NA,NA,NA,,,,,,,,,,
242,lita,COD,DTP3,Democratic Republic of the Congo,ituri,99.15308067,174,success,lita,NA,NA,NA,lita,NA,NA,NA,NA,,,,,,,,,,
243,lodja,COD,DTP3,Democratic Republic of the Congo,sankuru,105.006812,100,success,lodja,NA,NA,NA,lodja,NA,NA,NA,NA,,,,,,,,,,
244,logo,COD,DTP3,Democratic Republic of the Congo,ituri,98.25574679,281,success,logo,NA,NA,NA,logo,NA,NA,NA,NA,,,,,,,,,,
245,loko,COD,DTP3,Democratic Republic of the Congo,nordubangi,95.88729834,308,success,loko,NA,NA,NA,loko,NA,NA,NA,NA,,,,,,,,,,
246,lolo,COD,DTP3,Democratic Republic of the Congo,mongala,85.03703704,389,success,lolo,NA,NA,NA,lolo,NA,NA,NA,NA,,,,,,,,,,
247,lolwa,COD,DTP3,Democratic Republic of the Congo,ituri,71.70542636,169,success,lolwa,NA,NA,NA,lolwa,NA,NA,NA,NA,,,,,,,,,,
248,lomela,COD,DTP3,Democratic Republic of the Congo,sankuru,100.7712082,452,success,lomela,NA,NA,NA,lomela,NA,NA,NA,NA,,,,,,,,,,
249,lotumbe,COD,DTP3,Democratic Republic of the Congo,equateur,52.89694825,301,success,lotumbe,NA,NA,NA,lotumbe,NA,NA,NA,NA,,,,,,,,,,
250,lowa,COD,DTP3,Democratic Republic of the Congo,tshopo,98.21735395,403,success,lowa,NA,NA,NA,lowa,NA,NA,NA,NA,,,,,,,,,,
251,lualaba,COD,DTP3,Democratic Republic of the Congo,lualaba,95.01417375,283,success,lualaba,NA,NA,NA,lualaba,NA,NA,NA,NA,,,,,,,,,,
252,luambo,COD,DTP3,Democratic Republic of the Congo,kasaicentral,95.21132416,12,success,luambo,NA,NA,NA,luambo,NA,NA,NA,NA,,,,,,,,,,
253,lubao,COD,DTP3,Democratic Republic of the Congo,lomami,95.45396664,110,success,lubao,NA,NA,NA,lubao,NA,NA,NA,NA,,,,,,,,,,
254,lubero,COD,DTP3,Democratic Republic of the Congo,nordkivu,95.85382994,48,success,lubero,NA,NA,NA,lubero,NA,NA,NA,NA,,,,,,,,,,
255,lubilanji,COD,DTP3,Democratic Republic of the Congo,kasaioriental,97.60008727,69,success,lubilanji,NA,NA,NA,lubilanji,NA,NA,NA,NA,,,,,,,,,,
256,lubudi,COD,DTP3,Democratic Republic of the Congo,lualaba,89.66118585,469,success,lubudi,NA,NA,NA,lubudi,NA,NA,NA,NA,,,,,,,,,,
257,lubumbashi,COD,DTP3,Democratic Republic of the Congo,hautkatanga,113.2921175,510,success,lubumbashi,NA,NA,NA,lubumbashi,NA,NA,NA,NA,,,,,,,,,,
258,lubunga,COD,DTP3,Democratic Republic of the Congo,tshopo,105.391791,35,success,lubunga,NA,NA,NA,lubunga,NA,NA,NA,NA,,,,,,,,,,
259,lubunga,COD,DTP3,Democratic Republic of the Congo,tshopo,105.391791,332,success,lubunga,NA,NA,NA,lubunga,NA,NA,NA,NA,,,,,,,,,,
260,lubutu,COD,DTP3,Democratic Republic of the Congo,maniema,94.03492856,405,success,lubutu,NA,NA,NA,lubutu,NA,NA,NA,NA,,,,,,,,,,
261,luebo,COD,DTP3,Democratic Republic of the Congo,kasai,96.56160458,24,success,luebo,NA,NA,NA,luebo,NA,NA,NA,NA,,,,,,,,,,
262,luiza,COD,DTP3,Democratic Republic of the Congo,kasaicentral,98.47109412,16,success,luiza,NA,NA,NA,luiza,NA,NA,NA,NA,,,,,,,,,,
263,lukafu,COD,DTP3,Democratic Republic of the Congo,hautkatanga,98.43487982,343,success,lukafu,NA,NA,NA,lukafu,NA,NA,NA,NA,,,,,,,,,,
264,lukolela,COD,DTP3,Democratic Republic of the Congo,equateur,97.86351379,423,success,lukolela,NA,NA,NA,lukolela,NA,NA,NA,NA,,,,,,,,,,
265,lukonga,COD,DTP3,Democratic Republic of the Congo,kasaicentral,94.95097016,287,success,lukonga,NA,NA,NA,lukonga,NA,NA,NA,NA,,,,,,,,,,
266,lukula,COD,DTP3,Democratic Republic of the Congo,kongocentral,99.2615187,121,success,lukula,NA,NA,NA,lukula,NA,NA,NA,NA,,,,,,,,,,
267,lulingu,COD,DTP3,Democratic Republic of the Congo,sudkivu,82.62361566,448,success,lulingu,NA,NA,NA,lulingu,NA,NA,NA,NA,,,,,,,,,,
268,luozi,COD,DTP3,Democratic Republic of the Congo,kongocentral,80.79545455,126,success,luozi,NA,NA,NA,luozi,NA,NA,NA,NA,,,,,,,,,,
269,luputa,COD,DTP3,Democratic Republic of the Congo,lomami,104.956743,77,success,luputa,NA,NA,NA,luputa,NA,NA,NA,NA,,,,,,,,,,
270,lusambo,COD,DTP3,Democratic Republic of the Congo,sankuru,93.1402439,97,success,lusambo,NA,NA,NA,lusambo,NA,NA,NA,NA,,,,,,,,,,
271,lusanga,COD,DTP3,Democratic Republic of the Congo,kwilu,70.64473394,496,success,lusanga,NA,NA,NA,lusanga,NA,NA,NA,NA,,,,,,,,,,
272,lusangi,COD,DTP3,Democratic Republic of the Congo,maniema,96.34573669,358,success,lusangi,NA,NA,NA,lusangi,NA,NA,NA,NA,,,,,,,,,,
273,lwamba,COD,DTP3,Democratic Republic of the Congo,hautlomami,97.01739851,478,success,lwamba,NA,NA,NA,lwamba,NA,NA,NA,NA,,,,,,,,,,
274,mabalako,COD,DTP3,Democratic Republic of the Congo,nordkivu,96.14414949,45,success,mabalako,NA,NA,NA,mabalako,NA,NA,NA,NA,,,,,,,,,,
275,mahagi,COD,DTP3,Democratic Republic of the Congo,ituri,98.75625664,177,success,mahagi,NA,NA,NA,mahagi,NA,NA,NA,NA,,,,,,,,,,
276,makala,COD,DTP3,Democratic Republic of the Congo,kinshasa,93.78871589,259,success,makala,NA,NA,NA,makala,NA,NA,NA,NA,,,,,,,,,,
277,makisokisangani,COD,DTP3,Democratic Republic of the Congo,tshopo,88.31270699,331,success,makisokisangani,NA,NA,NA,makisokisangani,NA,NA,NA,NA,,,,,,,,,,
278,makoro,COD,DTP3,Democratic Republic of the Congo,hautuele,77.18762719,443,success,makoro,NA,NA,NA,makoro,NA,NA,NA,NA,,,,,,,,,,
279,makota,COD,DTP3,Democratic Republic of the Congo,lomami,105.1830718,42,success,makota,NA,NA,NA,makota,NA,NA,NA,NA,,,,,,,,,,
280,malembankulu,COD,DTP3,Democratic Republic of the Congo,hautlomami,93.66860864,480,success,malembankulu,NA,NA,NA,malembankulu,NA,NA,NA,NA,,,,,,,,,,
281,malukui,COD,DTP3,Democratic Republic of the Congo,kinshasa,80.03187056,272,success,malukui,NA,NA,NA,malukui,NA,NA,NA,NA,,,,,,,,,,
282,malukuii,COD,DTP3,Democratic Republic of the Congo,kinshasa,102.5287356,410,success,malukuii,NA,NA,NA,malukuii,NA,NA,NA,NA,,,,,,,,,,
283,mambasa,COD,DTP3,Democratic Republic of the Congo,ituri,89.21621622,226,success,mambasa,NA,NA,NA,mambasa,NA,NA,NA,NA,,,,,,,,,,
284,mandima,COD,DTP3,Democratic Republic of the Congo,ituri,103.1525615,168,success,mandima,NA,NA,NA,mandima,NA,NA,NA,NA,,,,,,,,,,
285,mangala,COD,DTP3,Democratic Republic of the Congo,ituri,93.8105658,183,success,mangala,NA,NA,NA,mangala,NA,NA,NA,NA,,,,,,,,,,
286,mangembo,COD,DTP3,Democratic Republic of the Congo,kongocentral,92.42553191,416,success,mangembo,NA,NA,NA,mangembo,NA,NA,NA,NA,,,,,,,,,,
287,mangobo,COD,DTP3,Democratic Republic of the Congo,tshopo,95.01731948,333,success,mangobo,NA,NA,NA,mangobo,NA,NA,NA,NA,,,,,,,,,,
288,manguredjipa,COD,DTP3,Democratic Republic of the Congo,nordkivu,101.5961396,49,success,manguredjipa,NA,NA,NA,manguredjipa,NA,NA,NA,NA,,,,,,,,,,
289,manika,COD,DTP3,Democratic Republic of the Congo,lualaba,69.23076923,492,success,manika,NA,NA,NA,manika,NA,NA,NA,NA,,,,,,,,,,
290,manono,COD,DTP3,Democratic Republic of the Congo,tanganyika,103.9818081,349,success,manono,NA,NA,NA,manono,NA,NA,NA,NA,,,,,,,,,,
291,masereka,COD,DTP3,Democratic Republic of the Congo,nordkivu,96.5880582,47,success,masereka,NA,NA,NA,masereka,NA,NA,NA,NA,,,,,,,,,,
292,masimanimba,COD,DTP3,Democratic Republic of the Congo,kwilu,110.4336224,141,success,masimanimba,NA,NA,NA,masimanimba,NA,NA,NA,NA,,,,,,,,,,
293,masinai,COD,DTP3,Democratic Republic of the Congo,kinshasa,96.24360132,266,success,masinai,NA,NA,NA,masinai,NA,NA,NA,NA,,,,,,,,,,
294,masinaii,COD,DTP3,Democratic Republic of the Congo,kinshasa,86.54108421,265,success,masinaii,NA,NA,NA,masinaii,NA,NA,NA,NA,,,,,,,,,,
295,masisi,COD,DTP3,Democratic Republic of the Congo,nordkivu,132.129757,105,success,masisi,NA,NA,NA,masisi,NA,NA,NA,NA,,,,,,,,,,
296,matadi,COD,DTP3,Democratic Republic of the Congo,kongocentral,67.47518051,243,success,matadi,NA,NA,NA,matadi,NA,NA,NA,NA,,,,,,,,,,
297,matete,COD,DTP3,Democratic Republic of the Congo,kinshasa,82.96388305,250,success,matete,NA,NA,NA,matete,NA,NA,NA,NA,,,,,,,,,,
298,mawuya,COD,DTP3,Democratic Republic of the Congo,sudubangi,93.36798709,427,success,mawuya,NA,NA,NA,mawuya,NA,NA,NA,NA,,,,,,,,,,
299,mbandaka,COD,DTP3,Democratic Republic of the Congo,equateur,88.67776382,299,success,mbandaka,NA,NA,NA,mbandaka,NA,NA,NA,NA,,,,,,,,,,
300,mbanzangungu,COD,DTP3,Democratic Republic of the Congo,kongocentral,96.15959036,131,success,mbanzangungu,NA,NA,NA,mbanzangungu,NA,NA,NA,NA,,,,,,,,,,
301,mbaya,COD,DTP3,Democratic Republic of the Congo,sudubangi,103.3863729,322,success,mbaya,NA,NA,NA,mbaya,NA,NA,NA,NA,,,,,,,,,,
302,miabi,COD,DTP3,Democratic Republic of the Congo,kasaioriental,102.9133155,66,success,miabi,NA,NA,NA,miabi,NA,NA,NA,NA,,,,,,,,,,
303,mikalayi,COD,DTP3,Democratic Republic of the Congo,kasaicentral,94.01335762,25,success,mikalayi,NA,NA,NA,mikalayi,NA,NA,NA,NA,,,,,,,,,,
304,mikope,COD,DTP3,Democratic Republic of the Congo,kasai,96.38588503,136,success,mikope,NA,NA,NA,mikope,NA,NA,NA,NA,,,,,,,,,,
305,mimia,COD,DTP3,Democratic Republic of the Congo,maindombe,224.8991935,138,success,mimia,NA,NA,NA,mimia,NA,NA,NA,NA,,,,,,,,,,
306,minembwe,COD,DTP3,Democratic Republic of the Congo,sudkivu,85.42920494,371,success,minembwe,NA,NA,NA,minembwe,NA,NA,NA,NA,,,,,,,,,,
307,minga,COD,DTP3,Democratic Republic of the Congo,sankuru,92.26509468,96,success,minga,NA,NA,NA,minga,NA,NA,NA,NA,,,,,,,,,,
308,minova,COD,DTP3,Democratic Republic of the Congo,sudkivu,83.226536,500,success,minova,NA,NA,NA,minova,NA,NA,NA,NA,,,,,,,,,,
309,mitwaba,COD,DTP3,Democratic Republic of the Congo,hautkatanga,80.41846714,347,success,mitwaba,NA,NA,NA,mitwaba,NA,NA,NA,NA,,,,,,,,,,
310,moba,COD,DTP3,Democratic Republic of the Congo,tanganyika,94.80394725,111,success,moba,NA,NA,NA,moba,NA,NA,NA,NA,,,,,,,,,,
311,mokala,COD,DTP3,Democratic Republic of the Congo,kwilu,73.45514529,239,success,mokala,NA,NA,NA,mokala,NA,NA,NA,NA,,,,,,,,,,
312,mompono,COD,DTP3,Democratic Republic of the Congo,tshuapa,92.67413931,307,success,mompono,NA,NA,NA,mompono,NA,NA,NA,NA,,,,,,,,,,
313,mondombe,COD,DTP3,Democratic Republic of the Congo,tshuapa,76.13155324,397,success,mondombe,NA,NA,NA,mondombe,NA,NA,NA,NA,,,,,,,,,,
314,monga,COD,DTP3,Democratic Republic of the Congo,basuele,105.1700208,435,success,monga,NA,NA,NA,monga,NA,NA,NA,NA,,,,,,,,,,
315,mongbwalu,COD,DTP3,Democratic Republic of the Congo,ituri,102.393617,228,success,mongbwalu,NA,NA,NA,mongbwalu,NA,NA,NA,NA,,,,,,,,,,
316,monkoto,COD,DTP3,Democratic Republic of the Congo,tshuapa,75.77060932,458,success,monkoto,NA,NA,NA,monkoto,NA,NA,NA,NA,,,,,,,,,,
317,montngafulai,COD,DTP3,Democratic Republic of the Congo,kinshasa,101.5926969,246,success,montngafulai,NA,NA,NA,montngafulai,NA,NA,NA,NA,,,,,,,,,,
318,montngafulaii,COD,DTP3,Democratic Republic of the Congo,kinshasa,69.33263406,274,success,montngafulaii,NA,NA,NA,montngafulaii,NA,NA,NA,NA,,,,,,,,,,
319,mosango,COD,DTP3,Democratic Republic of the Congo,kwilu,152.1373352,241,success,mosango,NA,NA,NA,mosango,NA,NA,NA,NA,,,,,,,,,,
320,mpokolo,COD,DTP3,Democratic Republic of the Congo,kasaioriental,111.3046961,76,success,mpokolo,NA,NA,NA,mpokolo,NA,NA,NA,NA,,,,,,,,,,
321,mubumbano,COD,DTP3,Democratic Republic of the Congo,sudkivu,94.32240099,199,success,mubumbano,NA,NA,NA,mubumbano,NA,NA,NA,NA,,,,,,,,,,
322,mufungasampwe,COD,DTP3,Democratic Republic of the Congo,hautkatanga,87.56584198,344,success,mufungasampwe,NA,NA,NA,mufungasampwe,NA,NA,NA,NA,,,,,,,,,,
323,mukanga,COD,DTP3,Democratic Republic of the Congo,hautlomami,101.3851533,479,success,mukanga,NA,NA,NA,mukanga,NA,NA,NA,NA,,,,,,,,,,
324,mukedi,COD,DTP3,Democratic Republic of the Congo,kwilu,65.86055276,463,success,mukedi,NA,NA,NA,mukedi,NA,NA,NA,NA,,,,,,,,,,
325,mukumbi,COD,DTP3,Democratic Republic of the Congo,kasaioriental,73.83886256,88,success,mukumbi,NA,NA,NA,mukumbi,NA,NA,NA,NA,,,,,,,,,,
326,mulongo,COD,DTP3,Democratic Republic of the Congo,hautlomami,116.0369739,477,success,mulongo,NA,NA,NA,mulongo,NA,NA,NA,NA,,,,,,,,,,
327,mulumba,COD,DTP3,Democratic Republic of the Congo,lomami,96.55141922,82,success,mulumba,NA,NA,NA,mulumba,NA,NA,NA,NA,,,,,,,,,,
328,mulungu,COD,DTP3,Democratic Republic of the Congo,sudkivu,87.80177891,360,success,mulungu,NA,NA,NA,mulungu,NA,NA,NA,NA,,,,,,,,,,
329,mumbunda,COD,DTP3,Democratic Republic of the Congo,hautkatanga,77.24016096,509,success,mumbunda,NA,NA,NA,mumbunda,NA,NA,NA,NA,,,,,,,,,,
330,mungindu,COD,DTP3,Democratic Republic of the Congo,kwilu,138.5503964,238,success,mungindu,NA,NA,NA,mungindu,NA,NA,NA,NA,,,,,,,,,,
331,mushenge,COD,DTP3,Democratic Republic of the Congo,kasai,134.8492505,38,success,mushenge,NA,NA,NA,mushenge,NA,NA,NA,NA,,,,,,,,,,
332,mushie,COD,DTP3,Democratic Republic of the Congo,maindombe,77.37441959,164,success,mushie,NA,NA,NA,mushie,NA,NA,NA,NA,,,,,,,,,,
333,musienene,COD,DTP3,Democratic Republic of the Congo,nordkivu,97.50168805,59,success,musienene,NA,NA,NA,musienene,NA,NA,NA,NA,,,,,,,,,,
334,mutoto,COD,DTP3,Democratic Republic of the Congo,kasaicentral,86.39932103,26,success,mutoto,NA,NA,NA,mutoto,NA,NA,NA,NA,,,,,,,,,,
335,mutshatsha,COD,DTP3,Democratic Republic of the Congo,lualaba,91.91729323,468,success,mutshatsha,NA,NA,NA,mutshatsha,NA,NA,NA,NA,,,,,,,,,,
336,mutwanga,COD,DTP3,Democratic Republic of the Congo,nordkivu,90.64762876,50,success,mutwanga,NA,NA,NA,mutwanga,NA,NA,NA,NA,,,,,,,,,,
337,muya,COD,DTP3,Democratic Republic of the Congo,kasaioriental,103.9018672,73,success,muya,NA,NA,NA,muya,NA,NA,NA,NA,,,,,,,,,,
338,mwana,COD,DTP3,Democratic Republic of the Congo,sudkivu,108.2819383,192,success,mwana,NA,NA,NA,mwana,NA,NA,NA,NA,,,,,,,,,,
339,mweka,COD,DTP3,Democratic Republic of the Congo,kasai,67.53214016,29,success,mweka,NA,NA,NA,mweka,NA,NA,NA,NA,,,,,,,,,,
340,mweneditu,COD,DTP3,Democratic Republic of the Congo,lomami,98.45203252,43,success,mweneditu,NA,NA,NA,mweneditu,NA,NA,NA,NA,,,,,,,,,,
341,mwenga,COD,DTP3,Democratic Republic of the Congo,sudkivu,89.7298412,369,success,mwenga,NA,NA,NA,mwenga,NA,NA,NA,NA,,,,,,,,,,
342,mweso,COD,DTP3,Democratic Republic of the Congo,nordkivu,94.70404984,106,success,mweso,NA,NA,NA,mweso,NA,NA,NA,NA,,,,,,,,,,
343,ndage,COD,DTP3,Democratic Republic of the Congo,sudubangi,87.51784622,318,success,ndage,NA,NA,NA,ndage,NA,NA,NA,NA,,,,,,,,,,
344,ndekesha,COD,DTP3,Democratic Republic of the Congo,kasaicentral,99.0771961,14,success,ndekesha,NA,NA,NA,ndekesha,NA,NA,NA,NA,,,,,,,,,,
345,ndesha,COD,DTP3,Democratic Republic of the Congo,kasaicentral,97.40498034,20,success,ndesha,NA,NA,NA,ndesha,NA,NA,NA,NA,,,,,,,,,,
346,ndjili,COD,DTP3,Democratic Republic of the Congo,kinshasa,77.21802639,245,success,ndjili,NA,NA,NA,ndjili,NA,NA,NA,NA,,,,,,,,,,
347,ndjokopunda,COD,DTP3,Democratic Republic of the Congo,kasai,110.1871469,23,success,ndjokopunda,NA,NA,NA,ndjokopunda,NA,NA,NA,NA,,,,,,,,,,
348,ngaba,COD,DTP3,Democratic Republic of the Congo,kinshasa,93.5961313,260,success,ngaba,NA,NA,NA,ngaba,NA,NA,NA,NA,,,,,,,,,,
349,ngidinga,COD,DTP3,Democratic Republic of the Congo,kongocentral,103.099048,128,success,ngidinga,NA,NA,NA,ngidinga,NA,NA,NA,NA,,,,,,,,,,
350,ngiringiri,COD,DTP3,Democratic Republic of the Congo,kinshasa,83.7659544,269,success,ngiringiri,NA,NA,NA,ngiringiri,NA,NA,NA,NA,,,,,,,,,,
351,niangara,COD,DTP3,Democratic Republic of the Congo,hautuele,84.70940384,188,success,niangara,NA,NA,NA,niangara,NA,NA,NA,NA,,,,,,,,,,
352,niania,COD,DTP3,Democratic Republic of the Congo,ituri,68.58766234,211,success,niania,NA,NA,NA,niania,NA,NA,NA,NA,,,,,,,,,,
353,nioki,COD,DTP3,Democratic Republic of the Congo,maindombe,77.37024221,135,success,nioki,NA,NA,NA,nioki,NA,NA,NA,NA,,,,,,,,,,
354,nizi,COD,DTP3,Democratic Republic of the Congo,ituri,98.08349146,173,success,nizi,NA,NA,NA,nizi,NA,NA,NA,NA,,,,,,,,,,
355,nsele,COD,DTP3,Democratic Republic of the Congo,kinshasa,90.72563634,276,success,nsele,NA,NA,NA,nsele,NA,NA,NA,NA,,,,,,,,,,
356,nselo,COD,DTP3,Democratic Republic of the Congo,kongocentral,95.58330795,129,success,nselo,NA,NA,NA,nselo,NA,NA,NA,NA,,,,,,,,,,
357,ntondo,COD,DTP3,Democratic Republic of the Congo,equateur,88.83756736,296,success,ntondo,NA,NA,NA,ntondo,NA,NA,NA,NA,,,,,,,,,,
358,nundu,COD,DTP3,Democratic Republic of the Congo,sudkivu,114.8618609,372,success,nundu,NA,NA,NA,nundu,NA,NA,NA,NA,,,,,,,,,,
359,nyanga,COD,DTP3,Democratic Republic of the Congo,kasai,115.8725981,7,success,nyanga,NA,NA,NA,nyanga,NA,NA,NA,NA,,,,,,,,,,
360,nyangezi,COD,DTP3,Democratic Republic of the Congo,sudkivu,97.72893773,195,success,nyangezi,NA,NA,NA,nyangezi,NA,NA,NA,NA,,,,,,,,,,
361,nyarambe,COD,DTP3,Democratic Republic of the Congo,ituri,103.5231044,280,success,nyarambe,NA,NA,NA,nyarambe,NA,NA,NA,NA,,,,,,,,,,
362,nyemba,COD,DTP3,Democratic Republic of the Congo,tanganyika,96.70389049,378,success,nyemba,NA,NA,NA,nyemba,NA,NA,NA,NA,,,,,,,,,,
363,nyiragongo,COD,DTP3,Democratic Republic of the Congo,nordkivu,86.04237665,502,success,nyiragongo,NA,NA,NA,nyiragongo,NA,NA,NA,NA,,,,,,,,,,
364,nyunzu,COD,DTP3,Democratic Republic of the Congo,tanganyika,81.39508421,380,success,nyunzu,NA,NA,NA,nyunzu,NA,NA,NA,NA,,,,,,,,,,
365,nzaba,COD,DTP3,Democratic Republic of the Congo,kasaioriental,104.2534888,67,success,nzaba,NA,NA,NA,nzaba,NA,NA,NA,NA,,,,,,,,,,
366,nzanza,COD,DTP3,Democratic Republic of the Congo,kongocentral,92.10233593,244,success,nzanza,NA,NA,NA,nzanza,NA,NA,NA,NA,,,,,,,,,,
367,obokote,COD,DTP3,Democratic Republic of the Congo,maniema,106.928492,401,success,obokote,NA,NA,NA,obokote,NA,NA,NA,NA,,,,,,,,,,
368,oicha,COD,DTP3,Democratic Republic of the Congo,nordkivu,66.93746458,52,success,oicha,NA,NA,NA,oicha,NA,NA,NA,NA,,,,,,,,,,
369,opala,COD,DTP3,Democratic Republic of the Congo,tshopo,94.37433155,451,success,opala,NA,NA,NA,opala,NA,NA,NA,NA,,,,,,,,,,
370,opienge,COD,DTP3,Democratic Republic of the Congo,tshopo,85.26785714,400,success,opienge,NA,NA,NA,opienge,NA,NA,NA,NA,,,,,,,,,,
371,oshwe,COD,DTP3,Democratic Republic of the Congo,maindombe,74.2014742,137,success,oshwe,NA,NA,NA,oshwe,NA,NA,NA,NA,,,,,,,,,,
372,panda,COD,DTP3,Democratic Republic of the Congo,hautkatanga,91.03022424,353,success,panda,NA,NA,NA,panda,NA,NA,NA,NA,,,,,,,,,,
373,pangi,COD,DTP3,Democratic Republic of the Congo,maniema,103.1240522,383,success,pangi,NA,NA,NA,pangi,NA,NA,NA,NA,,,,,,,,,,
374,paniamutombo,COD,DTP3,Democratic Republic of the Congo,sankuru,66.93979337,95,success,paniamutombo,NA,NA,NA,paniamutombo,NA,NA,NA,NA,,,,,,,,,,
375,panzi,COD,DTP3,Democratic Republic of the Congo,kwango,72.096,155,success,panzi,NA,NA,NA,panzi,NA,NA,NA,NA,,,,,,,,,,
376,pawa,COD,DTP3,Democratic Republic of the Congo,hautuele,101.9860973,167,success,pawa,NA,NA,NA,pawa,NA,NA,NA,NA,,,,,,,,,,
377,paykongila,COD,DTP3,Democratic Republic of the Congo,kwilu,69.44237918,242,success,paykongila,NA,NA,NA,paykongila,NA,NA,NA,NA,,,,,,,,,,
378,pimu,COD,DTP3,Democratic Republic of the Congo,mongala,87.47361013,1,success,pimu,NA,NA,NA,pimu,NA,NA,NA,NA,,,,,,,,,,
379,pinga,COD,DTP3,Democratic Republic of the Congo,nordkivu,67.63293944,108,success,pinga,NA,NA,NA,pinga,NA,NA,NA,NA,,,,,,,,,,
380,poko,COD,DTP3,Democratic Republic of the Congo,basuele,93.74719857,191,success,poko,NA,NA,NA,poko,NA,NA,NA,NA,,,,,,,,,,
381,police,COD,DTP3,Democratic Republic of the Congo,kinshasa,98.11113552,329,success,police,NA,NA,NA,police,NA,NA,NA,NA,,,,,,,,,,
382,popokabaka,COD,DTP3,Democratic Republic of the Congo,kwango,95.39254319,408,success,popokabaka,NA,NA,NA,popokabaka,NA,NA,NA,NA,,,,,,,,,,
383,punia,COD,DTP3,Democratic Republic of the Congo,maniema,87.00974269,449,success,punia,NA,NA,NA,punia,NA,NA,NA,NA,,,,,,,,,,
384,pweto,COD,DTP3,Democratic Republic of the Congo,hautkatanga,105.5926173,340,success,pweto,NA,NA,NA,pweto,NA,NA,NA,NA,,,,,,,,,,
385,rethy,COD,DTP3,Democratic Republic of the Congo,ituri,87.30779606,277,success,rethy,NA,NA,NA,rethy,NA,NA,NA,NA,,,,,,,,,,
386,rimba,COD,DTP3,Democratic Republic of the Congo,ituri,94.54126089,181,success,rimba,NA,NA,NA,rimba,NA,NA,NA,NA,,,,,,,,,,
387,rungu,COD,DTP3,Democratic Republic of the Congo,hautuele,82.89150712,189,success,rungu,NA,NA,NA,rungu,NA,NA,NA,NA,,,,,,,,,,
388,rutshuru,COD,DTP3,Democratic Republic of the Congo,nordkivu,107.781744,506,success,rutshuru,NA,NA,NA,rutshuru,NA,NA,NA,NA,,,,,,,,,,
389,ruzizi,COD,DTP3,Democratic Republic of the Congo,sudkivu,95.12744928,373,success,ruzizi,NA,NA,NA,ruzizi,NA,NA,NA,NA,,,,,,,,,,
390,rwampara,COD,DTP3,Democratic Republic of the Congo,ituri,87.70907724,171,success,rwampara,NA,NA,NA,rwampara,NA,NA,NA,NA,,,,,,,,,,
391,rwanguba,COD,DTP3,Democratic Republic of the Congo,nordkivu,96.24569707,505,success,rwanguba,NA,NA,NA,rwanguba,NA,NA,NA,NA,,,,,,,,,,
392,sakania,COD,DTP3,Democratic Republic of the Congo,hautkatanga,50.94742709,482,success,sakania,NA,NA,NA,sakania,NA,NA,NA,NA,,,,,,,,,,
393,salamabila,COD,DTP3,Democratic Republic of the Congo,maniema,74.49133384,375,success,salamabila,NA,NA,NA,salamabila,NA,NA,NA,NA,,,,,,,,,,
394,samba,COD,DTP3,Democratic Republic of the Congo,maniema,109.5150115,355,success,samba,NA,NA,NA,samba,NA,NA,NA,NA,,,,,,,,,,
395,sandoa,COD,DTP3,Democratic Republic of the Congo,lualaba,86.35072314,489,success,sandoa,NA,NA,NA,sandoa,NA,NA,NA,NA,,,,,,,,,,
396,sekebanza,COD,DTP3,Democratic Republic of the Congo,kongocentral,95.3087886,119,success,sekebanza,NA,NA,NA,sekebanza,NA,NA,NA,NA,,,,,,,,,,
397,selembao,COD,DTP3,Democratic Republic of the Congo,kinshasa,81.61759683,262,success,selembao,NA,NA,NA,selembao,NA,NA,NA,NA,,,,,,,,,,
398,sia,COD,DTP3,Democratic Republic of the Congo,kwilu,92.04030227,237,success,sia,NA,NA,NA,sia,NA,NA,NA,NA,,,,,,,,,,
399,sonabata,COD,DTP3,Democratic Republic of the Congo,kongocentral,95.10823728,275,success,sonabata,NA,NA,NA,sonabata,NA,NA,NA,NA,,,,,,,,,,
400,songa,COD,DTP3,Democratic Republic of the Congo,hautlomami,95.64760618,473,success,songa,NA,NA,NA,songa,NA,NA,NA,NA,,,,,,,,,,
401,tandala,COD,DTP3,Democratic Republic of the Congo,sudubangi,83.88741787,324,success,tandala,NA,NA,NA,tandala,NA,NA,NA,NA,,,,,,,,,,
402,tchomia,COD,DTP3,Democratic Republic of the Congo,ituri,97.54864797,185,success,tchomia,NA,NA,NA,tchomia,NA,NA,NA,NA,,,,,,,,,,
403,tembo,COD,DTP3,Democratic Republic of the Congo,kwango,109.3858633,156,success,tembo,NA,NA,NA,tembo,NA,NA,NA,NA,,,,,,,,,,
404,titule,COD,DTP3,Democratic Republic of the Congo,basuele,94.91408935,217,success,titule,NA,NA,NA,titule,NA,NA,NA,NA,,,,,,,,,,
405,tshamilemba,COD,DTP3,Democratic Republic of the Congo,hautkatanga,79.02433318,511,success,tshamilemba,NA,NA,NA,tshamilemba,NA,NA,NA,NA,,,,,,,,,,
406,tshamilemba,COD,DTP3,Democratic Republic of the Congo,hautkatanga,79.02433318,515,success,tshamilemba,NA,NA,NA,tshamilemba,NA,NA,NA,NA,,,,,,,,,,
407,tshela,COD,DTP3,Democratic Republic of the Congo,kongocentral,100.5055612,122,success,tshela,NA,NA,NA,tshela,NA,NA,NA,NA,,,,,,,,,,
408,tshibala,COD,DTP3,Democratic Republic of the Congo,kasaicentral,97.53757225,15,success,tshibala,NA,NA,NA,tshibala,NA,NA,NA,NA,,,,,,,,,,
409,tshikaji,COD,DTP3,Democratic Republic of the Congo,kasaicentral,87.11795336,289,success,tshikaji,NA,NA,NA,tshikaji,NA,NA,NA,NA,,,,,,,,,,
410,tshikapa,COD,DTP3,Democratic Republic of the Congo,kasai,92.17699638,285,success,tshikapa,NA,NA,NA,tshikapa,NA,NA,NA,NA,,,,,,,,,,
411,tshikula,COD,DTP3,Democratic Republic of the Congo,kasaicentral,94.74016411,19,success,tshikula,NA,NA,NA,tshikula,NA,NA,NA,NA,,,,,,,,,,
412,tshilenge,COD,DTP3,Democratic Republic of the Congo,kasaioriental,104.8017706,86,success,tshilenge,NA,NA,NA,tshilenge,NA,NA,NA,NA,,,,,,,,,,
413,tshofa,COD,DTP3,Democratic Republic of the Congo,lomami,97.17943589,94,success,tshofa,NA,NA,NA,tshofa,NA,NA,NA,NA,,,,,,,,,,
414,tshopo,COD,DTP3,Democratic Republic of the Congo,tshopo,95.87735654,335,success,tshopo,NA,NA,NA,tshopo,NA,NA,NA,NA,,,,,,,,,,
415,tshudiloto,COD,DTP3,Democratic Republic of the Congo,sankuru,79.57244656,456,success,tshudiloto,NA,NA,NA,tshudiloto,NA,NA,NA,NA,,,,,,,,,,
416,ubundu,COD,DTP3,Democratic Republic of the Congo,tshopo,97.57525084,207,success,ubundu,NA,NA,NA,ubundu,NA,NA,NA,NA,,,,,,,,,,
417,uvira,COD,DTP3,Democratic Republic of the Congo,sudkivu,109.0219004,366,success,uvira,NA,NA,NA,uvira,NA,NA,NA,NA,,,,,,,,,,
418,vaku,COD,DTP3,Democratic Republic of the Congo,kongocentral,95.18796992,123,success,vaku,NA,NA,NA,vaku,NA,NA,NA,NA,,,,,,,,,,
419,vanga,COD,DTP3,Democratic Republic of the Congo,kwilu,95.37152147,235,success,vanga,NA,NA,NA,vanga,NA,NA,NA,NA,,,,,,,,,,
420,vangakete,COD,DTP3,Democratic Republic of the Congo,sankuru,106.9067029,99,success,vangakete,NA,NA,NA,vangakete,NA,NA,NA,NA,,,,,,,,,,
421,vangu,COD,DTP3,Democratic Republic of the Congo,hautkatanga,71.27744511,493,success,vangu,NA,NA,NA,vangu,NA,NA,NA,NA,,,,,,,,,,
422,walikale,COD,DTP3,Democratic Republic of the Congo,nordkivu,80.86225026,109,success,walikale,NA,NA,NA,walikale,NA,NA,NA,NA,,,,,,,,,,
423,walungu,COD,DTP3,Democratic Republic of the Congo,sudkivu,106.2066689,200,success,walungu,NA,NA,NA,walungu,NA,NA,NA,NA,,,,,,,,,,
424,wamba,COD,DTP3,Democratic Republic of the Congo,hautuele,92.226507,227,success,wamba,NA,NA,NA,wamba,NA,NA,NA,NA,,,,,,,,,,
425,wangata,COD,DTP3,Democratic Republic of the Congo,equateur,90.50420168,230,success,wangata,NA,NA,NA,wangata,NA,NA,NA,NA,,,,,,,,,,
426,wanierukula,COD,DTP3,Democratic Republic of the Congo,tshopo,90.77622605,404,success,wanierukula,NA,NA,NA,wanierukula,NA,NA,NA,NA,,,,,,,,,,
427,wapinda,COD,DTP3,Democratic Republic of the Congo,nordubangi,143.2494279,393,success,wapinda,NA,NA,NA,wapinda,NA,NA,NA,NA,,,,,,,,,,
428,wasolo,COD,DTP3,Democratic Republic of the Congo,nordubangi,100.5688282,385,success,wasolo,NA,NA,NA,wasolo,NA,NA,NA,NA,,,,,,,,,,
429,watsa,COD,DTP3,Democratic Republic of the Congo,hautuele,81.29998988,282,success,watsa,NA,NA,NA,watsa,NA,NA,NA,NA,,,,,,,,,,
430,wema,COD,DTP3,Democratic Republic of the Congo,tshuapa,101.7241379,304,success,wema,NA,NA,NA,wema,NA,NA,NA,NA,,,,,,,,,,
431,wembonyama,COD,DTP3,Democratic Republic of the Congo,sankuru,110.0548446,62,success,wembonyama,NA,NA,NA,wembonyama,NA,NA,NA,NA,,,,,,,,,,
432,yahuma,COD,DTP3,Democratic Republic of the Congo,tshopo,86.41843022,399,success,yahuma,NA,NA,NA,yahuma,NA,NA,NA,NA,,,,,,,,,,
433,yakoma,COD,DTP3,Democratic Republic of the Congo,nordubangi,106.2142273,434,success,yakoma,NA,NA,NA,yakoma,NA,NA,NA,NA,,,,,,,,,,
434,yakusu,COD,DTP3,Democratic Republic of the Congo,tshopo,89.91698374,205,success,yakusu,NA,NA,NA,yakusu,NA,NA,NA,NA,,,,,,,,,,
435,yaleko,COD,DTP3,Democratic Republic of the Congo,tshopo,78.29188003,210,success,yaleko,NA,NA,NA,yaleko,NA,NA,NA,NA,,,,,,,,,,
436,yalimbongo,COD,DTP3,Democratic Republic of the Congo,tshopo,77.09702866,386,success,yalimbongo,NA,NA,NA,yalimbongo,NA,NA,NA,NA,,,,,,,,,,
437,yamaluka,COD,DTP3,Democratic Republic of the Congo,mongala,86.56261896,315,success,yamaluka,NA,NA,NA,yamaluka,NA,NA,NA,NA,,,,,,,,,,
438,yambuku,COD,DTP3,Democratic Republic of the Congo,mongala,62.9740221,392,success,yambuku,NA,NA,NA,yambuku,NA,NA,NA,NA,,,,,,,,,,
439,yamongili,COD,DTP3,Democratic Republic of the Congo,mongala,97.68707483,390,success,yamongili,NA,NA,NA,yamongili,NA,NA,NA,NA,,,,,,,,,,
440,yangala,COD,DTP3,Democratic Republic of the Congo,kasaicentral,100.2934703,11,success,yangala,NA,NA,NA,yangala,NA,NA,NA,NA,,,,,,,,,,
441,yumbi,COD,DTP3,Democratic Republic of the Congo,maindombe,56.64503725,420,success,yumbi,NA,NA,NA,yumbi,NA,NA,NA,NA,,,,,,,,,,
442,zongo,COD,DTP3,Democratic Republic of the Congo,sudubangi,79.62068966,428,success,zongo,NA,NA,NA,zongo,NA,NA,NA,NA,,,,,,,,,,
443,kalamba,COD,DTP3,Democratic Republic of the Congo,NA,NA,491,fuzzy need fix,kalamba,74.77823773,NA,NA,kalemba,NA,Democratic Republic of the Congo,491,in shpfile but not WHO,,,,,,,,,,
447,kalole,COD,DTP3,Democratic Republic of the Congo,NA,NA,377,fuzzy need fix,kalole,71.0007728,NA,NA,kakole,NA,Democratic Republic of the Congo,377,in shpfile but not WHO,,,,,,,,,,
449,kalomba,COD,DTP3,Democratic Republic of the Congo,NA,NA,6,fuzzy need fix,kalomba,103.2116788,NA,NA,kalomda,NA,Democratic Republic of the Congo,6,in shpfile but not WHO,,,,,,,,,,
454,masa,COD,DTP3,Democratic Republic of the Congo,NA,NA,418,fuzzy need fix,masa,96.40387275,NA,NA,massa,NA,Democratic Republic of the Congo,418,in shpfile but not WHO,,,,,,,,,,
457,moanza,COD,DTP3,Democratic Republic of the Congo,NA,NA,157,fuzzy need fix,moanza,108.727153,NA,NA,moaza,NA,Democratic Republic of the Congo,157,in shpfile but not WHO,,,,,,,,,,
458,adja,COD,DTP3,Democratic Republic of the Congo,NA,NA,221,fuzzy success,adja,97.75493076,NA,NA,adia,NA,Democratic Republic of the Congo,221,in shpfile but not WHO,,,,,,,,,,
459,bafwagbogbo,COD,DTP3,Democratic Republic of the Congo,NA,NA,215,fuzzy success,bafwagbogbo,71.18367347,NA,NA,bafwabogbo,NA,Democratic Republic of the Congo,215,in shpfile but not WHO,,,,,,,,,,
460,befale,COD,DTP3,Democratic Republic of the Congo,NA,NA,4,fuzzy success,befale,101.2569832,NA,NA,bafale,NA,Democratic Republic of the Congo,4,in shpfile but not WHO,,,,,,,,,,
461,benaleka,COD,DTP3,Democratic Republic of the Congo,NA,NA,28,fuzzy success,benaleka,84.75391384,NA,NA,benaleke,NA,Democratic Republic of the Congo,28,in shpfile but not WHO,,,,,,,,,,
462,bilomba,COD,DTP3,Democratic Republic of the Congo,NA,NA,17,fuzzy success,bilomba,91.13359119,NA,NA,bilonda,NA,Democratic Republic of the Congo,17,in shpfile but not WHO,,,,,,,,,,
463,binzameteo,COD,DTP3,Democratic Republic of the Congo,NA,NA,270,fuzzy success,binzameteo,84.82629108,NA,NA,binzameto,NA,Democratic Republic of the Congo,270,in shpfile but not WHO,,,,,,,,,,
464,bipemba,COD,DTP3,Democratic Republic of the Congo,NA,NA,74,fuzzy success,bipemba,109.6107151,NA,NA,bimpemba,NA,Democratic Republic of the Congo,74,in shpfile but not WHO,,,,,,,,,,
465,bogosenubea,COD,DTP3,Democratic Republic of the Congo,NA,NA,114,fuzzy success,bogosenubea,95.02247378,NA,NA,bongosenubia,NA,Democratic Republic of the Congo,114,in shpfile but not WHO,,,,,,,,,,
466,bolenge,COD,DTP3,Democratic Republic of the Congo,NA,NA,231,fuzzy success,bolenge,95.11278195,NA,NA,bolonge,NA,Democratic Republic of the Congo,231,in shpfile but not WHO,,,,,,,,,,
467,bosomodanda,COD,DTP3,Democratic Republic of the Congo,NA,NA,310,fuzzy success,bosomodanda,107.8235891,NA,NA,bosomondanda,NA,Democratic Republic of the Congo,310,in shpfile but not WHO,,,,,,,,,,
468,bunkonde,COD,DTP3,Democratic Republic of the Congo,NA,NA,18,fuzzy success,bunkonde,105.7343334,NA,NA,bukonde,NA,Democratic Republic of the Congo,18,in shpfile but not WHO,,,,,,,,,,
469,busanga,COD,DTP3,Democratic Republic of the Congo,NA,NA,305,fuzzy success,busanga,127.0620108,NA,NA,bosanga,NA,Democratic Republic of the Congo,305,in shpfile but not WHO,,,,,,,,,,
470,damas,COD,DTP3,Democratic Republic of the Congo,NA,NA,179,fuzzy success,damas,74.89691972,NA,NA,damasi,NA,Democratic Republic of the Congo,179,in shpfile but not WHO,,,,,,,,,,
471,djalondjeka,COD,DTP3,Democratic Republic of the Congo,NA,NA,102,fuzzy success,djalondjeka,114.6948517,NA,NA,djalodjeka,NA,Democratic Republic of the Congo,102,in shpfile but not WHO,,,,,,,,,,
472,gandajika,COD,DTP3,Democratic Republic of the Congo,NA,NA,84,fuzzy success,gandajika,101.070489,NA,NA,ngandajika,NA,Democratic Republic of the Congo,84,in shpfile but not WHO,,,,,,,,,,
473,kadutu,COD,DTP3,Democratic Republic of the Congo,NA,NA,233,fuzzy success,kadutu,87.3724779,NA,NA,kandutu,NA,Democratic Republic of the Congo,233,in shpfile but not WHO,,,,,,,,,,
474,kalehe,COD,DTP3,Democratic Republic of the Congo,NA,NA,365,fuzzy success,kalehe,70.92001849,NA,NA,kahele,NA,Democratic Republic of the Congo,365,in shpfile but not WHO,,,,,,,,,,
475,kamalondo,COD,DTP3,Democratic Republic of the Congo,NA,NA,516,fuzzy success,kamalondo,110.9318996,NA,NA,zskamalondo,NA,Democratic Republic of the Congo,516,in shpfile but not WHO,,,,,,,,,,
476,kamuesha,COD,DTP3,Democratic Republic of the Congo,NA,NA,22,fuzzy success,kamuesha,85.02044054,NA,NA,kamwesha,NA,Democratic Republic of the Congo,22,in shpfile but not WHO,,,,,,,,,,
477,kansimba,COD,DTP3,Democratic Republic of the Congo,NA,NA,339,fuzzy success,kansimba,93.35170513,NA,NA,kasimba,NA,Democratic Republic of the Congo,339,in shpfile but not WHO,,,,,,,,,,
478,kapolowe,COD,DTP3,Democratic Republic of the Congo,NA,NA,351,fuzzy success,kapolowe,84.8044306,NA,NA,kapolobwe,NA,Democratic Republic of the Congo,351,in shpfile but not WHO,,,,,,,,,,
479,kinkondja,COD,DTP3,Democratic Republic of the Congo,NA,NA,342,fuzzy success,kinkondja,101.5280899,NA,NA,kinkonja,NA,Democratic Republic of the Congo,342,in shpfile but not WHO,,,,,,,,,,
480,kirotshe,COD,DTP3,Democratic Republic of the Congo,NA,NA,499,fuzzy success,kirotshe,101.0932297,NA,NA,kirotse,NA,Democratic Republic of the Congo,499,in shpfile but not WHO,,,,,,,,,,
481,kitenda,COD,DTP3,Democratic Republic of the Congo,NA,NA,406,fuzzy success,kitenda,99.36993699,NA,NA,kikenda,NA,Democratic Republic of the Congo,406,in shpfile but not WHO,,,,,,,,,,
482,limete,COD,DTP3,Democratic Republic of the Congo,NA,NA,255,fuzzy success,limete,76.96276811,NA,NA,limet,NA,Democratic Republic of the Congo,255,in shpfile but not WHO,,,,,,,,,,
483,lubondayi,COD,DTP3,Democratic Republic of the Congo,NA,NA,33,fuzzy success,lubondayi,98.79518072,NA,NA,lubondaie,NA,Democratic Republic of the Congo,33,in shpfile but not WHO,,,,,,,,,,
484,lukalenge,COD,DTP3,Democratic Republic of the Congo,NA,NA,72,fuzzy success,lukalenge,97.16578627,NA,NA,lukelenge,NA,Democratic Republic of the Congo,72,in shpfile but not WHO,,,,,,,,,,
485,makanza,COD,DTP3,Democratic Republic of the Congo,NA,NA,313,fuzzy success,makanza,44.45438283,NA,NA,mankanza,NA,Democratic Republic of the Congo,313,in shpfile but not WHO,,,,,,,,,,
486,masuika,COD,DTP3,Democratic Republic of the Congo,NA,NA,10,fuzzy success,masuika,105.3709783,NA,NA,musuika,NA,Democratic Republic of the Congo,10,in shpfile but not WHO,,,,,,,,,,
487,mbulula,COD,DTP3,Democratic Republic of the Congo,NA,NA,465,fuzzy success,mbulula,95.89447162,NA,NA,mbulala,NA,Democratic Republic of the Congo,465,in shpfile but not WHO,,,,,,,,,,
488,mitimurrhesa,COD,DTP3,Democratic Republic of the Congo,NA,NA,363,fuzzy success,mitimurrhesa,97.7098412,NA,NA,mitimurhesa,NA,Democratic Republic of the Congo,363,in shpfile but not WHO,,,,,,,,,,
489,monieka,COD,DTP3,Democratic Republic of the Congo,NA,NA,300,fuzzy success,monieka,75.35161744,NA,NA,monika,NA,Democratic Republic of the Congo,300,in shpfile but not WHO,,,,,,,,,,
490,muanda,COD,DTP3,Democratic Republic of the Congo,NA,NA,115,fuzzy success,muanda,82.81276668,NA,NA,moanda,NA,Democratic Republic of the Congo,115,in shpfile but not WHO,,,,,,,,,,
491,muetshi,COD,DTP3,Democratic Republic of the Congo,NA,NA,36,fuzzy success,muetshi,81.3192104,NA,NA,mwetshi,NA,Democratic Republic of the Congo,36,in shpfile but not WHO,,,,,,,,,,
492,mutena,COD,DTP3,Democratic Republic of the Congo,NA,NA,13,fuzzy success,mutena,91.37627251,NA,NA,mutenna,NA,Democratic Republic of the Congo,13,in shpfile but not WHO,,,,,,,,,,
493,mwelalembwa,COD,DTP3,Democratic Republic of the Congo,NA,NA,151,fuzzy success,mwelalembwa,93.63221017,NA,NA,mwelalemba,NA,Democratic Republic of the Congo,151,in shpfile but not WHO,,,,,,,,,,
494,nsonapangu,COD,DTP3,Democratic Republic of the Congo,NA,NA,412,fuzzy success,nsonapangu,104.5977011,NA,NA,sonapangu,NA,Democratic Republic of the Congo,412,in shpfile but not WHO,,,,,,,,,,
495,ntandembelo,COD,DTP3,Democratic Republic of the Congo,NA,NA,165,fuzzy success,ntandembelo,196.0296966,NA,NA,tandembele,NA,Democratic Republic of the Congo,165,in shpfile but not WHO,,,,,,,,,,
496,nyankunde,COD,DTP3,Democratic Republic of the Congo,NA,NA,180,fuzzy success,nyankunde,101.2742718,NA,NA,nyakunde,NA,Democratic Republic of the Congo,180,in shpfile but not WHO,,,,,,,,,,
497,nyantende,COD,DTP3,Democratic Republic of the Congo,NA,NA,194,fuzzy success,nyantende,104.2486396,NA,NA,nyatende,NA,Democratic Republic of the Congo,194,in shpfile but not WHO,,,,,,,,,,
498,omendjadi,COD,DTP3,Democratic Republic of the Congo,NA,NA,101,fuzzy success,omendjadi,97.0918572,NA,NA,omondjadi,NA,Democratic Republic of the Congo,101,in shpfile but not WHO,,,,,,,,,,
499,rwashi,COD,DTP3,Democratic Republic of the Congo,NA,NA,513,fuzzy success,rwashi,63.45810024,NA,NA,ruashi,NA,Democratic Republic of the Congo,513,in shpfile but not WHO,,,,,,,,,,
500,tshishimbi,COD,DTP3,Democratic Republic of the Congo,NA,NA,81,fuzzy success,tshishimbi,103.5725333,NA,NA,tshitshimbi,NA,Democratic Republic of the Congo,81,in shpfile but not WHO,,,,,,,,,,
501,tunda,COD,DTP3,Democratic Republic of the Congo,NA,NA,359,fuzzy success,tunda,89.09667195,NA,NA,tumba,NA,Democratic Republic of the Congo,359,in shpfile but not WHO,,,,,,,,,,
502,viadana,COD,DTP3,Democratic Republic of the Congo,NA,NA,190,fuzzy success,viadana,93.08469308,NA,NA,viandana,NA,Democratic Republic of the Congo,190,in shpfile but not WHO,,,,,,,,,,
503,vuhovi,COD,DTP3,Democratic Republic of the Congo,NA,NA,58,fuzzy success,vuhovi,97.35894358,NA,NA,vohovi,NA,Democratic Republic of the Congo,58,in shpfile but not WHO,,,,,,,,,,
504,wambaluadi,COD,DTP3,Democratic Republic of the Congo,NA,NA,154,fuzzy success,wambaluadi,95.39686489,NA,NA,wambalwadi,NA,Democratic Republic of the Congo,154,in shpfile but not WHO,,,,,,,,,,
505,wikong,COD,DTP3,Democratic Republic of the Congo,NA,NA,41,fuzzy success,wikong,98.69654699,NA,NA,winkong,NA,Democratic Republic of the Congo,41,in shpfile but not WHO,,,,,,,,,,
506,yabaondo,COD,DTP3,Democratic Republic of the Congo,NA,NA,208,fuzzy success,yabaondo,95.38513743,NA,NA,yabahondo,NA,Democratic Republic of the Congo,208,in shpfile but not WHO,,,,,,,,,,
507,yahisuli,COD,DTP3,Democratic Republic of the Congo,NA,NA,206,fuzzy success,yahisuli,90.86279209,NA,NA,yahisule,NA,Democratic Republic of the Congo,206,in shpfile but not WHO,,,,,,,,,,
508,yalifafu,COD,DTP3,Democratic Republic of the Congo,NA,NA,455,fuzzy success,yalifafu,77.60278515,NA,NA,yalifafo,NA,Democratic Republic of the Congo,455,in shpfile but not WHO,,,,,,,,,,
509,adja,COD,DTP3,Democratic Republic of the Congo,ituri,97.75493076,221,in WHO but not shpfile,adja,NA,NA,NA,adia,NA,NA,NA,NA,,,,,,,,,,
510,bafwagbogbo,COD,DTP3,Democratic Republic of the Congo,tshopo,71.18367347,215,in WHO but not shpfile,bafwagbogbo,NA,NA,NA,bafwabogbo,NA,NA,NA,NA,,,,,,,,WHO,shpfile,WHO
511,baka,COD,DTP3,Democratic Republic of the Congo,hautlomami,93.75,#N/A,in WHO but not shpfile,baka,NA,NA,NA,#N/A,NA,NA,NA,NA,,,,,,,,adja,adia,
512,bambumines,COD,DTP3,Democratic Republic of the Congo,ituri,100.6008261,182,in WHO but not shpfile,bambumines,NA,NA,NA,bambu,NA,NA,NA,NA,,,,,,,,befale,bafale,
513,banjowmoke,COD,DTP3,Democratic Republic of the Congo,maindombe,162.2444444,166,in WHO but not shpfile,banjowmoke,NA,NA,NA,bandjau,NA,NA,NA,NA,,,,,,,,bafwagbogbo,bafwabogbo,
514,befale,COD,DTP3,Democratic Republic of the Congo,tshuapa,101.2569832,4,in WHO but not shpfile,befale,NA,NA,NA,bafale,NA,NA,NA,NA,,,,,,,,bambumines,bambu,
515,benaleka,COD,DTP3,Democratic Republic of the Congo,kasaicentral,84.75391384,28,in WHO but not shpfile,benaleka,NA,NA,NA,benaleke,NA,NA,NA,NA,,,,,,,,banjowmoke,bandjau,
516,benatshiadi,COD,DTP3,Democratic Republic of the Congo,kasaicentral,124.9792071,#N/A,in WHO but not shpfile,benatshiadi,NA,NA,NA,#N/A,NA,NA,NA,NA,,,,,,,,benaleka,benaleke,
517,bili2,COD,DTP3,Democratic Republic of the Congo,nordubangi,90.71560765,#N/A,in WHO but not shpfile,bili2,NA,NA,NA,#N/A,NA,NA,NA,NA,,,,,,,,bilomba,bilonda,
518,bilomba,COD,DTP3,Democratic Republic of the Congo,kasaicentral,91.13359119,17,in WHO but not shpfile,bilomba,NA,NA,NA,bilonda,NA,NA,NA,NA,,,,,,,,bipemba,bimpemba,
519,binzameteo,COD,DTP3,Democratic Republic of the Congo,kinshasa,84.82629108,270,in WHO but not shpfile,binzameteo,NA,NA,NA,binzameto,NA,NA,NA,NA,,,,,,,,binzameteo,binzameto,
520,bipemba,COD,DTP3,Democratic Republic of the Congo,kasaioriental,109.6107151,74,in WHO but not shpfile,bipemba,NA,NA,NA,bimpemba,NA,NA,NA,NA,,,,,,,,bolenge,bolonge,
521,bogosenubea,COD,DTP3,Democratic Republic of the Congo,sudubangi,95.02247378,114,in WHO but not shpfile,bogosenubea,NA,NA,NA,bongosenubia,NA,NA,NA,NA,,,,,,,,bogosenubea,bongosenubia,
522,bolenge,COD,DTP3,Democratic Republic of the Congo,equateur,95.11278195,231,in WHO but not shpfile,bolenge,NA,NA,NA,bolonge,NA,NA,NA,NA,,,,,,,,busanga,bosanga,
523,bomamangbetu,COD,DTP3,Democratic Republic of the Congo,hautuele,98.22322322,#N/A,in WHO but not shpfile,bomamangbetu,NA,NA,NA,#N/A,NA,NA,NA,NA,,,,,,,,bosomodanda,bosomondanda,
524,bosomodanda,COD,DTP3,Democratic Republic of the Congo,mongala,107.8235891,310,in WHO but not shpfile,bosomodanda,NA,NA,NA,bosomondanda,NA,NA,NA,NA,,,,,,,,bunkonde,bukonde,
525,bunkonde,COD,DTP3,Democratic Republic of the Congo,kasaicentral,105.7343334,18,in WHO but not shpfile,bunkonde,NA,NA,NA,bukonde,NA,NA,NA,NA,,,,,,,,damas,damasi,
526,busanga,COD,DTP3,Democratic Republic of the Congo,tshuapa,127.0620108,305,in WHO but not shpfile,busanga,NA,NA,NA,bosanga,NA,NA,NA,NA,,,,,,,,dikungu,dikungutshumbe,
527,cilundu,COD,DTP3,Democratic Republic of the Congo,kasaioriental,97.7324263,#N/A,in WHO but not shpfile,cilundu,NA,NA,NA,#N/A,NA,NA,NA,NA,,,,,,,,djalondjeka,djalodjeka,
528,citenge,COD,DTP3,Democratic Republic of the Congo,kasaioriental,94.06172984,#N/A,in WHO but not shpfile,citenge,NA,NA,NA,#N/A,NA,NA,NA,NA,,,,,,,,gandajika,ganga,
529,damas,COD,DTP3,Democratic Republic of the Congo,ituri,74.89691972,179,in WHO but not shpfile,damas,NA,NA,NA,damasi,NA,NA,NA,NA,,,,,,,,hautsplateauxduvira,hautplateau,
530,dikungu,COD,DTP3,Democratic Republic of the Congo,sankuru,95.19286683,98,in WHO but not shpfile,dikungu,NA,NA,NA,dikungutshumbe,NA,NA,NA,NA,,,,,,,,kalehe,kahele,
531,dingila,COD,DTP3,Democratic Republic of the Congo,basuele,77.36996172,#N/A,in WHO but not shpfile,dingila,NA,NA,NA,#N/A,NA,NA,NA,NA,,,,,,,,kalole,kakole,
532,djalondjeka,COD,DTP3,Democratic Republic of the Congo,sankuru,114.6948517,102,in WHO but not shpfile,djalondjeka,NA,NA,NA,djalodjeka,NA,NA,NA,NA,,,,,,,,kalamba,kalemba,
533,gandajika,COD,DTP3,Democratic Republic of the Congo,lomami,101.070489,218,in WHO but not shpfile,gandajika,NA,NA,NA,ganga,NA,NA,NA,NA,,,,,,,,kalomba,kalomda,
534,hautsplateauxduvira,COD,DTP3,Democratic Republic of the Congo,sudkivu,96.88924113,201,in WHO but not shpfile,hautsplateauxduvira,NA,NA,NA,hautplateau,NA,NA,NA,NA,,,,,,,,kalondaouest,kalonda,
535,kadutu,COD,DTP3,Democratic Republic of the Congo,sudkivu,87.3724779,233,in WHO but not shpfile,kadutu,NA,NA,NA,kandutu,NA,NA,NA,NA,,,,,,,,,kaminabase,
536,kalamba,COD,DTP3,Democratic Republic of the Congo,lualaba,74.77823773,491,in WHO but not shpfile,kalamba,NA,NA,NA,kalemba,NA,NA,NA,NA,,,,,,,,kamonia,kamonya,
537,kalehe,COD,DTP3,Democratic Republic of the Congo,sudkivu,70.92001849,365,in WHO but not shpfile,kalehe,NA,NA,NA,kahele,NA,NA,NA,NA,,,,,,,,kamuesha,kamwesha,
538,kalole,COD,DTP3,Democratic Republic of the Congo,sudkivu,71.0007728,377,in WHO but not shpfile,kalole,NA,NA,NA,kakole,NA,NA,NA,NA,,,,,,,,kadutu,kandutu,
539,kalomba,COD,DTP3,Democratic Republic of the Congo,kasaicentral,103.2116788,6,in WHO but not shpfile,kalomba,NA,NA,NA,kalomda,NA,NA,NA,NA,,,,,,,,kapolowe,kapolobwe,
540,kalondaouest,COD,DTP3,Democratic Republic of the Congo,kasai,93.70669746,8,in WHO but not shpfile,kalondaouest,NA,NA,NA,kalonda,NA,NA,NA,NA,,,,,,,,kansimba,kasimba,
541,kamalondo,COD,DTP3,Democratic Republic of the Congo,hautkatanga,110.9318996,#N/A,in WHO but not shpfile,kamalondo,NA,NA,NA,#N/A,NA,NA,NA,NA,,,,,,,,kitenda,kikenda,
542,kamonia,COD,DTP3,Democratic Republic of the Congo,kasai,83.12902133,9,in WHO but not shpfile,kamonia,NA,NA,NA,kamonya,NA,NA,NA,NA,,,,,,,,kinkondja,kinkonja,
543,kamuesha,COD,DTP3,Democratic Republic of the Congo,kasai,85.02044054,22,in WHO but not shpfile,kamuesha,NA,NA,NA,kamwesha,NA,NA,NA,NA,,,,,,,,kirotshe,kirotse,
544,kansimba,COD,DTP3,Democratic Republic of the Congo,tanganyika,93.35170513,339,in WHO but not shpfile,kansimba,NA,NA,NA,kasimba,NA,NA,NA,NA,,,,,,,,,kitoyi,
545,kapolowe,COD,DTP3,Democratic Republic of the Congo,hautkatanga,84.8044306,351,in WHO but not shpfile,kapolowe,NA,NA,NA,kapolobwe,NA,NA,NA,NA,,,,,,,,limete,limet,
546,kashobwe,COD,DTP3,Democratic Republic of the Congo,hautkatanga,71.20168389,#N/A,in WHO but not shpfile,kashobwe,NA,NA,NA,#N/A,NA,NA,NA,NA,,,,,,,,lubondayi,lubondaie,
547,kikwitnord,COD,DTP3,Democratic Republic of the Congo,kwilu,84.08720712,#N/A,in WHO but not shpfile,kikwitnord,NA,NA,NA,#N/A,NA,NA,NA,NA,,,,,,,,,lukashilualu,
548,kinkondja,COD,DTP3,Democratic Republic of the Congo,hautlomami,101.5280899,342,in WHO but not shpfile,kinkondja,NA,NA,NA,kinkonja,NA,NA,NA,NA,,,,,,,,lukalenge,lukelenge,
549,kirotshe,COD,DTP3,Democratic Republic of the Congo,nordkivu,101.0932297,499,in WHO but not shpfile,kirotshe,NA,NA,NA,kirotse,NA,NA,NA,NA,,,,,,,,,mampoko,
550,kitenda,COD,DTP3,Democratic Republic of the Congo,kwango,99.36993699,406,in WHO but not shpfile,kitenda,NA,NA,NA,kikenda,NA,NA,NA,NA,,,,,,,,makanza,mankanza,
551,limete,COD,DTP3,Democratic Republic of the Congo,kinshasa,76.96276811,255,in WHO but not shpfile,limete,NA,NA,NA,limet,NA,NA,NA,NA,,,,,,,,masa,massa,
552,lolangamampoko,COD,DTP3,Democratic Republic of the Congo,equateur,77.13648749,#N/A,in WHO but not shpfile,lolangamampoko,NA,NA,NA,#N/A,NA,NA,NA,NA,,,,,,,,,mbomomange,
553,lubondayi,COD,DTP3,Democratic Republic of the Congo,kasaicentral,98.79518072,33,in WHO but not shpfile,lubondayi,NA,NA,NA,lubondaie,NA,NA,NA,NA,,,,,,,,mbulula,mbulala,
554,lubunga2,COD,DTP3,Democratic Republic of the Congo,kasaicentral,103.6605206,#N/A,in WHO but not shpfile,lubunga2,NA,NA,NA,#N/A,NA,NA,NA,NA,,,,,,,,mitimurrhesa,mitimurhesa,
555,ludimbilukula,COD,DTP3,Democratic Republic of the Congo,lomami,99.65679191,#N/A,in WHO but not shpfile,ludimbilukula,NA,NA,NA,#N/A,NA,NA,NA,NA,,,,,,,,muanda,moanda,
556,lukalenge,COD,DTP3,Democratic Republic of the Congo,kasaioriental,97.16578627,72,in WHO but not shpfile,lukalenge,NA,NA,NA,lukelenge,NA,NA,NA,NA,,,,,,,,moanza,moaza,
557,makanza,COD,DTP3,Democratic Republic of the Congo,equateur,44.45438283,313,in WHO but not shpfile,makanza,NA,NA,NA,mankanza,NA,NA,NA,NA,,,,,,,,,mobayimbongo,
558,masa,COD,DTP3,Democratic Republic of the Congo,kongocentral,96.40387275,418,in WHO but not shpfile,masa,NA,NA,NA,massa,NA,NA,NA,NA,,,,,,,,monieka,monika,
559,masuika,COD,DTP3,Democratic Republic of the Congo,kasaicentral,105.3709783,10,in WHO but not shpfile,masuika,NA,NA,NA,musuika,NA,NA,NA,NA,,,,,,,,masuika,musuika,
560,mbulula,COD,DTP3,Democratic Republic of the Congo,tanganyika,95.89447162,465,in WHO but not shpfile,mbulula,NA,NA,NA,mbulala,NA,NA,NA,NA,,,,,,,,mutena,mutenna,
561,mitimurrhesa,COD,DTP3,Democratic Republic of the Congo,sudkivu,97.7098412,363,in WHO but not shpfile,mitimurrhesa,NA,NA,NA,mitimurhesa,NA,NA,NA,NA,,,,,,,,mwelalembwa,mwelalemba,
562,moanza,COD,DTP3,Democratic Republic of the Congo,kwilu,108.727153,157,in WHO but not shpfile,moanza,NA,NA,NA,moaza,NA,NA,NA,NA,,,,,,,,muetshi,mwetshi,
563,mobayi,COD,DTP3,Democratic Republic of the Congo,nordubangi,100.997151,#N/A,in WHO but not shpfile,mobayi,NA,NA,NA,#N/A,NA,NA,NA,NA,,,,,,,,,ngandajika,
564,monieka,COD,DTP3,Democratic Republic of the Congo,equateur,75.35161744,300,in WHO but not shpfile,monieka,NA,NA,NA,monika,NA,NA,NA,NA,,,,,,,,nyankunde,nyakunde,
565,muanda,COD,DTP3,Democratic Republic of the Congo,kongocentral,82.81276668,115,in WHO but not shpfile,muanda,NA,NA,NA,moanda,NA,NA,NA,NA,,,,,,,,nyantende,nyatende,
566,muetshi,COD,DTP3,Democratic Republic of the Congo,kasaicentral,81.3192104,36,in WHO but not shpfile,muetshi,NA,NA,NA,mwetshi,NA,NA,NA,NA,,,,,,,,omendjadi,omondjadi,
567,mutena,COD,DTP3,Democratic Republic of the Congo,kasai,91.37627251,13,in WHO but not shpfile,mutena,NA,NA,NA,mutenna,NA,NA,NA,NA,,,,,,,,pendjua,penzwa,
568,mwelalembwa,COD,DTP3,Democratic Republic of the Congo,kwango,93.63221017,151,in WHO but not shpfile,mwelalembwa,NA,NA,NA,mwelalemba,NA,NA,NA,NA,,,,,,,,rwashi,ruashi,
569,nsonapangu,COD,DTP3,Democratic Republic of the Congo,kongocentral,104.5977011,412,in WHO but not shpfile,nsonapangu,NA,NA,NA,sonapangu,NA,NA,NA,NA,,,,,,,,shabundacentre,shabunda,
570,ntandembelo,COD,DTP3,Democratic Republic of the Congo,maindombe,196.0296966,165,in WHO but not shpfile,ntandembelo,NA,NA,NA,tandembele,NA,NA,NA,NA,,,,,,,,nsonapangu,sonapangu,
571,nyankunde,COD,DTP3,Democratic Republic of the Congo,ituri,101.2742718,180,in WHO but not shpfile,nyankunde,NA,NA,NA,nyakunde,NA,NA,NA,NA,,,,,,,,ntandembelo,tandembele,
572,nyantende,COD,DTP3,Democratic Republic of the Congo,sudkivu,104.2486396,194,in WHO but not shpfile,nyantende,NA,NA,NA,nyatende,NA,NA,NA,NA,,,,,,,,,tshilundu,
573,omendjadi,COD,DTP3,Democratic Republic of the Congo,sankuru,97.0918572,101,in WHO but not shpfile,omendjadi,NA,NA,NA,omondjadi,NA,NA,NA,NA,,,,,,,,,tshitenge,
574,ototo,COD,DTP3,Democratic Republic of the Congo,sankuru,104.5376712,#N/A,in WHO but not shpfile,ototo,NA,NA,NA,#N/A,NA,NA,NA,NA,,,,,,,,tshishimbi,tshitshimbi,
575,pendjua,COD,DTP3,Democratic Republic of the Congo,maindombe,71.84092367,162,in WHO but not shpfile,pendjua,NA,NA,NA,penzwa,NA,NA,NA,NA,,,,,,,,tunda,tumba,
576,rwashi,COD,DTP3,Democratic Republic of the Congo,hautkatanga,63.45810024,513,in WHO but not shpfile,rwashi,NA,NA,NA,ruashi,NA,NA,NA,NA,,,,,,,,viadana,viandana,
577,shabundacentre,COD,DTP3,Democratic Republic of the Congo,sudkivu,95.47498187,447,in WHO but not shpfile,shabundacentre,NA,NA,NA,shabunda,NA,NA,NA,NA,,,,,,,,vuhovi,vohovi,
578,tshishimbi,COD,DTP3,Democratic Republic of the Congo,kasaioriental,103.5725333,81,in WHO but not shpfile,tshishimbi,NA,NA,NA,tshitshimbi,NA,NA,NA,NA,,,,,,,,wambaluadi,wambalwadi,
579,tshumbe,COD,DTP3,Democratic Republic of the Congo,sankuru,92.88145207,#N/A,in WHO but not shpfile,tshumbe,NA,NA,NA,#N/A,NA,NA,NA,NA,,,,,,,,wikong,winkong,
580,tunda,COD,DTP3,Democratic Republic of the Congo,maniema,89.09667195,359,in WHO but not shpfile,tunda,NA,NA,NA,tumba,NA,NA,NA,NA,,,,,,,,yabaondo,yabahondo,
581,viadana,COD,DTP3,Democratic Republic of the Congo,basuele,93.08469308,190,in WHO but not shpfile,viadana,NA,NA,NA,viandana,NA,NA,NA,NA,,,,,,,,yahisuli,yahisule,
582,vuhovi,COD,DTP3,Democratic Republic of the Congo,nordkivu,97.35894358,58,in WHO but not shpfile,vuhovi,NA,NA,NA,vohovi,NA,NA,NA,NA,,,,,,,,yalifafu,yalifafo,
583,wambaluadi,COD,DTP3,Democratic Republic of the Congo,kwango,95.39686489,154,in WHO but not shpfile,wambaluadi,NA,NA,NA,wambalwadi,NA,NA,NA,NA,,,,,,,,yasabonga,yangabosa,
584,wikong,COD,DTP3,Democratic Republic of the Congo,lomami,98.69654699,41,in WHO but not shpfile,wikong,NA,NA,NA,winkong,NA,NA,NA,NA,,,,,,,,,zskamalondo,
585,yabaondo,COD,DTP3,Democratic Republic of the Congo,tshopo,95.38513743,208,in WHO but not shpfile,yabaondo,NA,NA,NA,yabahondo,NA,NA,NA,NA,,,,,,,,,,
586,yahisuli,COD,DTP3,Democratic Republic of the Congo,tshopo,90.86279209,206,in WHO but not shpfile,yahisuli,NA,NA,NA,yahisule,NA,NA,NA,NA,,,,,,,,,,
587,yalifafu,COD,DTP3,Democratic Republic of the Congo,tshuapa,77.60278515,455,in WHO but not shpfile,yalifafu,NA,NA,NA,yalifafo,NA,NA,NA,NA,,,,,,,,,,
588,yasabonga,COD,DTP3,Democratic Republic of the Congo,kwilu,64.64059879,142,in WHO but not shpfile,yasabonga,NA,NA,NA,yangabosa,NA,NA,NA,NA,,,,,,,,,,
589,adia,COD,DTP3,Democratic Republic of the Congo,NA,NA,221,in shpfile but not WHO,NA,NA,NA,NA,NA,NA,NA,NA,NA,,,,,,,,,,
590,bafale,COD,DTP3,Democratic Republic of the Congo,NA,NA,4,in shpfile but not WHO,NA,NA,NA,NA,NA,NA,NA,NA,NA,,,,,,,,,,
591,bafwabogbo,COD,DTP3,Democratic Republic of the Congo,NA,NA,215,in shpfile but not WHO,NA,NA,NA,NA,NA,NA,NA,NA,NA,,,,,,,,,,
592,bambu,COD,DTP3,Democratic Republic of the Congo,NA,NA,182,in shpfile but not WHO,NA,NA,NA,NA,NA,NA,NA,NA,NA,,,,,,,,,,
593,bandjau,COD,DTP3,Democratic Republic of the Congo,NA,NA,166,in shpfile but not WHO,NA,NA,NA,NA,NA,NA,NA,NA,NA,,,,,,,,,,
594,benaleke,COD,DTP3,Democratic Republic of the Congo,NA,NA,28,in shpfile but not WHO,NA,NA,NA,NA,NA,NA,NA,NA,NA,,,,,,,,,,
595,bilonda,COD,DTP3,Democratic Republic of the Congo,NA,NA,17,in shpfile but not WHO,NA,NA,NA,NA,NA,NA,NA,NA,NA,,,,,,,,,,
596,bimpemba,COD,DTP3,Democratic Republic of the Congo,NA,NA,74,in shpfile but not WHO,NA,NA,NA,NA,NA,NA,NA,NA,NA,,,,,,,,,,
597,binzameto,COD,DTP3,Democratic Republic of the Congo,NA,NA,270,in shpfile but not WHO,NA,NA,NA,NA,NA,NA,NA,NA,NA,,,,,,,,,,
598,bolonge,COD,DTP3,Democratic Republic of the Congo,NA,NA,231,in shpfile but not WHO,NA,NA,NA,NA,NA,NA,NA,NA,NA,,,,,,,,,,
599,bongosenubia,COD,DTP3,Democratic Republic of the Congo,NA,NA,114,in shpfile but not WHO,NA,NA,NA,NA,NA,NA,NA,NA,NA,,,,,,,,,,
600,bosanga,COD,DTP3,Democratic Republic of the Congo,NA,NA,305,in shpfile but not WHO,NA,NA,NA,NA,NA,NA,NA,NA,NA,,,,,,,,,,
601,bosomondanda,COD,DTP3,Democratic Republic of the Congo,NA,NA,310,in shpfile but not WHO,NA,NA,NA,NA,NA,NA,NA,NA,NA,,,,,,,,,,
602,bukonde,COD,DTP3,Democratic Republic of the Congo,NA,NA,18,in shpfile but not WHO,NA,NA,NA,NA,NA,NA,NA,NA,NA,,,,,,,,,,
603,damasi,COD,DTP3,Democratic Republic of the Congo,NA,NA,179,in shpfile but not WHO,NA,NA,NA,NA,NA,NA,NA,NA,NA,,,,,,,,,,
604,dikungutshumbe,COD,DTP3,Democratic Republic of the Congo,NA,NA,98,in shpfile but not WHO,NA,NA,NA,NA,NA,NA,NA,NA,NA,,,,,,,,,,
605,djalodjeka,COD,DTP3,Democratic Republic of the Congo,NA,NA,102,in shpfile but not WHO,NA,NA,NA,NA,NA,NA,NA,NA,NA,,,,,,,,,,
606,ganga,COD,DTP3,Democratic Republic of the Congo,NA,NA,218,in shpfile but not WHO,NA,NA,NA,NA,NA,NA,NA,NA,NA,,,,,,,,,,
607,hautplateau,COD,DTP3,Democratic Republic of the Congo,NA,NA,201,in shpfile but not WHO,NA,NA,NA,NA,NA,NA,NA,NA,NA,,,,,,,,,,
608,kahele,COD,DTP3,Democratic Republic of the Congo,NA,NA,365,in shpfile but not WHO,NA,NA,NA,NA,NA,NA,NA,NA,NA,,,,,,,,,,
609,kakole,COD,DTP3,Democratic Republic of the Congo,NA,NA,377,in shpfile but not WHO,NA,NA,NA,NA,NA,NA,NA,NA,NA,,,,,,,,,,
610,kalemba,COD,DTP3,Democratic Republic of the Congo,NA,NA,491,in shpfile but not WHO,NA,NA,NA,NA,NA,NA,NA,NA,NA,,,,,,,,,,
611,kalomda,COD,DTP3,Democratic Republic of the Congo,NA,NA,6,in shpfile but not WHO,NA,NA,NA,NA,NA,NA,NA,NA,NA,,,,,,,,,,
612,kalonda,COD,DTP3,Democratic Republic of the Congo,NA,NA,8,in shpfile but not WHO,NA,NA,NA,NA,NA,NA,NA,NA,NA,,,,,,,,,,
613,kaminabase,COD,DTP3,Democratic Republic of the Congo,NA,NA,495,in shpfile but not WHO,NA,NA,NA,NA,NA,NA,NA,NA,NA,,,,,,,,,,
614,kamonya,COD,DTP3,Democratic Republic of the Congo,NA,NA,9,in shpfile but not WHO,NA,NA,NA,NA,NA,NA,NA,NA,NA,,,,,,,,,,
615,kamwesha,COD,DTP3,Democratic Republic of the Congo,NA,NA,22,in shpfile but not WHO,NA,NA,NA,NA,NA,NA,NA,NA,NA,,,,,,,,,,
616,kandutu,COD,DTP3,Democratic Republic of the Congo,NA,NA,233,in shpfile but not WHO,NA,NA,NA,NA,NA,NA,NA,NA,NA,,,,,,,,,,
617,kapolobwe,COD,DTP3,Democratic Republic of the Congo,NA,NA,351,in shpfile but not WHO,NA,NA,NA,NA,NA,NA,NA,NA,NA,,,,,,,,,,
618,kasimba,COD,DTP3,Democratic Republic of the Congo,NA,NA,339,in shpfile but not WHO,NA,NA,NA,NA,NA,NA,NA,NA,NA,,,,,,,,,,
619,kikenda,COD,DTP3,Democratic Republic of the Congo,NA,NA,406,in shpfile but not WHO,NA,NA,NA,NA,NA,NA,NA,NA,NA,,,,,,,,,,
620,kinkonja,COD,DTP3,Democratic Republic of the Congo,NA,NA,342,in shpfile but not WHO,NA,NA,NA,NA,NA,NA,NA,NA,NA,,,,,,,,,,
621,kirotse,COD,DTP3,Democratic Republic of the Congo,NA,NA,499,in shpfile but not WHO,NA,NA,NA,NA,NA,NA,NA,NA,NA,,,,,,,,,,
622,kitoyi,COD,DTP3,Democratic Republic of the Congo,NA,NA,103,in shpfile but not WHO,NA,NA,NA,NA,NA,NA,NA,NA,NA,,,,,,,,,,
623,limet,COD,DTP3,Democratic Republic of the Congo,NA,NA,255,in shpfile but not WHO,NA,NA,NA,NA,NA,NA,NA,NA,NA,,,,,,,,,,
624,lubondaie,COD,DTP3,Democratic Republic of the Congo,NA,NA,33,in shpfile but not WHO,NA,NA,NA,NA,NA,NA,NA,NA,NA,,,,,,,,,,
625,lukashilualu,COD,DTP3,Democratic Republic of the Congo,NA,NA,91,in shpfile but not WHO,NA,NA,NA,NA,NA,NA,NA,NA,NA,,,,,,,,,,
626,lukelenge,COD,DTP3,Democratic Republic of the Congo,NA,NA,72,in shpfile but not WHO,NA,NA,NA,NA,NA,NA,NA,NA,NA,,,,,,,,,,
627,mampoko,COD,DTP3,Democratic Republic of the Congo,NA,NA,295,in shpfile but not WHO,NA,NA,NA,NA,NA,NA,NA,NA,NA,,,,,,,,,,
628,mankanza,COD,DTP3,Democratic Republic of the Congo,NA,NA,313,in shpfile but not WHO,NA,NA,NA,NA,NA,NA,NA,NA,NA,,,,,,,,,,
629,massa,COD,DTP3,Democratic Republic of the Congo,NA,NA,418,in shpfile but not WHO,NA,NA,NA,NA,NA,NA,NA,NA,NA,,,,,,,,,,
630,mbomomange,COD,DTP3,Democratic Republic of the Congo,NA,NA,225,in shpfile but not WHO,NA,NA,NA,NA,NA,NA,NA,NA,NA,,,,,,,,,,
631,mbulala,COD,DTP3,Democratic Republic of the Congo,NA,NA,465,in shpfile but not WHO,NA,NA,NA,NA,NA,NA,NA,NA,NA,,,,,,,,,,
632,mitimurhesa,COD,DTP3,Democratic Republic of the Congo,NA,NA,363,in shpfile but not WHO,NA,NA,NA,NA,NA,NA,NA,NA,NA,,,,,,,,,,
633,moanda,COD,DTP3,Democratic Republic of the Congo,NA,NA,115,in shpfile but not WHO,NA,NA,NA,NA,NA,NA,NA,NA,NA,,,,,,,,,,
634,moaza,COD,DTP3,Democratic Republic of the Congo,NA,NA,157,in shpfile but not WHO,NA,NA,NA,NA,NA,NA,NA,NA,NA,,,,,,,,,,
635,mobayimbongo,COD,DTP3,Democratic Republic of the Congo,NA,NA,433,in shpfile but not WHO,NA,NA,NA,NA,NA,NA,NA,NA,NA,,,,,,,,,,
636,monika,COD,DTP3,Democratic Republic of the Congo,NA,NA,300,in shpfile but not WHO,NA,NA,NA,NA,NA,NA,NA,NA,NA,,,,,,,,,,
637,musuika,COD,DTP3,Democratic Republic of the Congo,NA,NA,10,in shpfile but not WHO,NA,NA,NA,NA,NA,NA,NA,NA,NA,,,,,,,,,,
638,mutenna,COD,DTP3,Democratic Republic of the Congo,NA,NA,13,in shpfile but not WHO,NA,NA,NA,NA,NA,NA,NA,NA,NA,,,,,,,,,,
639,mwelalemba,COD,DTP3,Democratic Republic of the Congo,NA,NA,151,in shpfile but not WHO,NA,NA,NA,NA,NA,NA,NA,NA,NA,,,,,,,,,,
640,mwetshi,COD,DTP3,Democratic Republic of the Congo,NA,NA,36,in shpfile but not WHO,NA,NA,NA,NA,NA,NA,NA,NA,NA,,,,,,,,,,
641,ngandajika,COD,DTP3,Democratic Republic of the Congo,NA,NA,84,in shpfile but not WHO,NA,NA,NA,NA,NA,NA,NA,NA,NA,,,,,,,,,,
642,nyakunde,COD,DTP3,Democratic Republic of the Congo,NA,NA,180,in shpfile but not WHO,NA,NA,NA,NA,NA,NA,NA,NA,NA,,,,,,,,,,
643,nyatende,COD,DTP3,Democratic Republic of the Congo,NA,NA,194,in shpfile but not WHO,NA,NA,NA,NA,NA,NA,NA,NA,NA,,,,,,,,,,
644,omondjadi,COD,DTP3,Democratic Republic of the Congo,NA,NA,101,in shpfile but not WHO,NA,NA,NA,NA,NA,NA,NA,NA,NA,,,,,,,,,,
645,penzwa,COD,DTP3,Democratic Republic of the Congo,NA,NA,162,in shpfile but not WHO,NA,NA,NA,NA,NA,NA,NA,NA,NA,,,,,,,,,,
646,ruashi,COD,DTP3,Democratic Republic of the Congo,NA,NA,513,in shpfile but not WHO,NA,NA,NA,NA,NA,NA,NA,NA,NA,,,,,,,,,,
647,shabunda,COD,DTP3,Democratic Republic of the Congo,NA,NA,447,in shpfile but not WHO,NA,NA,NA,NA,NA,NA,NA,NA,NA,,,,,,,,,,
648,sonapangu,COD,DTP3,Democratic Republic of the Congo,NA,NA,412,in shpfile but not WHO,NA,NA,NA,NA,NA,NA,NA,NA,NA,,,,,,,,,,
649,tandembele,COD,DTP3,Democratic Republic of the Congo,NA,NA,165,in shpfile but not WHO,NA,NA,NA,NA,NA,NA,NA,NA,NA,,,,,,,,,,
650,tshilundu,COD,DTP3,Democratic Republic of the Congo,NA,NA,80,in shpfile but not WHO,NA,NA,NA,NA,NA,NA,NA,NA,NA,,,,,,,,,,
651,tshitenge,COD,DTP3,Democratic Republic of the Congo,NA,NA,87,in shpfile but not WHO,NA,NA,NA,NA,NA,NA,NA,NA,NA,,,,,,,,,,
652,tshitshimbi,COD,DTP3,Democratic Republic of the Congo,NA,NA,81,in shpfile but not WHO,NA,NA,NA,NA,NA,NA,NA,NA,NA,,,,,,,,,,
653,tumba,COD,DTP3,Democratic Republic of the Congo,NA,NA,359,in shpfile but not WHO,NA,NA,NA,NA,NA,NA,NA,NA,NA,,,,,,,,,,
654,viandana,COD,DTP3,Democratic Republic of the Congo,NA,NA,190,in shpfile but not WHO,NA,NA,NA,NA,NA,NA,NA,NA,NA,,,,,,,,,,
655,vohovi,COD,DTP3,Democratic Republic of the Congo,NA,NA,58,in shpfile but not WHO,NA,NA,NA,NA,NA,NA,NA,NA,NA,,,,,,,,,,
656,wambalwadi,COD,DTP3,Democratic Republic of the Congo,NA,NA,154,in shpfile but not WHO,NA,NA,NA,NA,NA,NA,NA,NA,NA,,,,,,,,,,
657,winkong,COD,DTP3,Democratic Republic of the Congo,NA,NA,41,in shpfile but not WHO,NA,NA,NA,NA,NA,NA,NA,NA,NA,,,,,,,,,,
658,yabahondo,COD,DTP3,Democratic Republic of the Congo,NA,NA,208,in shpfile but not WHO,NA,NA,NA,NA,NA,NA,NA,NA,NA,,,,,,,,,,
659,yahisule,COD,DTP3,Democratic Republic of the Congo,NA,NA,206,in shpfile but not WHO,NA,NA,NA,NA,NA,NA,NA,NA,NA,,,,,,,,,,
660,yalifafo,COD,DTP3,Democratic Republic of the Congo,NA,NA,455,in shpfile but not WHO,NA,NA,NA,NA,NA,NA,NA,NA,NA,,,,,,,,,,
661,yangabosa,COD,DTP3,Democratic Republic of the Congo,NA,NA,142,in shpfile but not WHO,NA,NA,NA,NA,NA,NA,NA,NA,NA,,,,,,,,,,
662,zskamalondo,COD,DTP3,Democratic Republic of the Congo,NA,NA,516,in shpfile but not WHO,NA,NA,NA,NA,NA,NA,NA,NA,NA,,,,,,,,,,
